GeneID,Phi
YAL067C,1.09331926958797
YAL061W,41.9802350384985
YAL060W,100.840933895993
YAL056W,13.4272256700297
YAL054C,0.685135088194287
YAL043C,30.6084219350571
YAL042W,150.072580503803
YAL040C,16.6174603592941
YAL039C,28.5835374153277
YAL038W,6502.51088927809
YAL037W,2.93725168048824
YAL035W,93.1215950110837
YAL034W-A,13.765524492347
YAL032C,13.898372189242
YAL029C,27.8075730655929
YAL028W,3.44192328960518
YAL027W,19.0545828254578
YAL025C,67.7836063817218
YAL021C,54.8038290755025
YAL015C,13.129420793605
YAL013W,17.4873284141068
YAL012W,591.119158945472
YAL009W,17.8327049124104
YAL001C,17.45472212163
YAR002W,60.9530821660958
YAR003W,17.2224027092423
YAR008W,23.8533369757684
YAR019C,9.79823477392748
YAR035W,1.83533009433823
YBL106C,12.0110706056537
YBL103C,22.2113102210077
YBL097W,16.9739353492644
YBL084C,16.3485103001082
YBL080C,11.8779613758274
YBL076C,565.50989343924
YBL074C,11.8815123358799
YBL067C,28.8583375004477
YBL066C,6.51012327958471
YBL058W,175.104737711011
YBL054W,17.5356636634391
YBL047C,118.541782652513
YBL043W,1.21783248725724
YBL042C,31.1338225278798
YBL039C,201.492753213629
YBL037W,30.3151631121981
YBL036C,149.184479689012
YBL029W,1.90971227681319
YBL023C,31.9278372288007
YBL019W,7.84036394998897
YBL015W,21.8024181556241
YBL014C,8.92061182501136
YBL007C,104.755892925737
YBR002C,31.382657987983
YBR003W,39.5614209919811
YBR004C,42.7100127510757
YBR008C,1.47556149946605
YBR011C,1682.49774273826
YBR017C,84.1520511415886
YBR018C,0.653205883300216
YBR019C,0.640326338636479
YBR021W,7.11789971756284
YBR026C,111.85190154629
YBR028C,30.0721249666873
YBR030W,32.4537902339479
YBR033W,0.445244242981028
YBR035C,218.970512098284
YBR036C,156.810917782553
YBR039W,211.944820306164
YBR042C,64.2524396817455
YBR045C,1.20722985312187
YBR046C,95.3982769779791
YBR050C,1.17462461470653
YBR055C,15.7874337366788
YBR056W,74.8431776396912
YBR057C,37.9948088786292
YBR058C,44.6021606310395
YBR063C,1.08936659988314
YBR065C,17.9480995418415
YBR068C,182.176580413992
YBR070C,31.532419617499
YBR080C,109.814664581648
YBR083W,19.8078475478389
YBR084W,95.9930873364403
YBR094W,40.3790056377487
YBR096W,261.613664051886
YBR103W,25.7511783206212
YBR107C,9.23419544239099
YBR110W,73.6281951044592
YBR114W,5.31939920557512
YBR115C,89.0179786096478
YBR117C,0.656846941735557
YBR119W,21.9774256300769
YBR125C,35.6940607898095
YBR127C,751.363565222333
YBR128C,4.96686001590139
YBR133C,25.2330344335993
YBR146W,98.6833497571637
YBR147W,3.86398903106446
YBR148W,2.13072023876014
YBR150C,14.0658829912336
YBR151W,58.6078833809965
YBR153W,15.0231784481443
YBR155W,57.8745833399703
YBR157C,22.0823662536043
YBR158W,58.3289373787752
YBR161W,25.3567352310196
YBR162C,765.160601525344
YBR163W,9.69374418873598
YBR168W,10.8594000066212
YBR175W,24.9960118009549
YBR176W,42.8430628231377
YBR177C,87.2989720774619
YBR180W,0.495390947357544
YBR182C,2.6667153414959
YBR183W,8.89136692318537
YBR185C,49.2002947213366
YBR186W,1.5066482428819
YBR192W,37.5680956364902
YBR195C,28.6808342093024
YBR196C,2488.50481971656
YBR199W,161.382017938204
YBR205W,172.119922781536
YBR207W,93.2377187592713
YBR212W,41.3172218297488
YBR227C,32.6034936534195
YBR228W,5.71634365510404
YBR229C,62.6617054076136
YBR231C,15.2478278452123
YBR233W,25.1123625153116
YBR236C,42.8871189221097
YBR237W,7.17059252665053
YBR239C,6.56584305095334
YBR241C,16.0971674411698
YBR242W,40.405856772486
YBR246W,31.0644077295104
YBR247C,66.2836203527657
YBR250W,0.54037085425165
YBR251W,58.8217167509598
YBR255W,8.55867195811308
YBR259W,5.97113810760749
YBR265W,75.8542338316107
YBR270C,4.89536136161135
YBR272C,34.8098822060278
YBR274W,17.2412711686538
YBR281C,35.435851305005
YBR284W,2.50881724343874
YBR286W,745.892429207905
YBR288C,62.3649660677594
YBR290W,49.8439721993375
YBR293W,6.02825012862704
YBR294W,0.570902439306165
YBR298C,0.528456909111098
YCL064C,625.342702312385
YCL063W,28.23658649236
YCL061C,15.0889645832607
YCL049C,41.5755165857668
YCL048W,0.781668193914504
YCL047C,52.3278159668049
YCL038C,25.4702323430783
YCL034W,58.6686967630327
YCL030C,192.9095557258
YCL028W,150.964055461894
YCL018W,0.109439631352692
YCL017C,117.275253290658
YCL008C,34.0194683432084
YCL004W,5.11387718184447
YCL002C,16.8328327384261
YCR004C,266.076383519647
YCR005C,167.630596623187
YCR007C,3.2589324381949
YCR008W,24.606079395238
YCR010C,1.25119080205002
YCR011C,74.3938230485099
YCR012W,5881.66941780174
YCR014C,0.3479400306369
YCR015C,20.6011086271606
YCR019W,17.2272776679101
YCR021C,4.301416944715
YCR023C,23.0313757167588
YCR024C,15.3972811880063
YCR026C,37.61482443685
YCR030C,48.0656392337911
YCR032W,8.20354531705893
YCR034W,392.008947675837
YCR035C,65.7362648012126
YCR036W,53.4948012327396
YCR045C,0.902679349345056
YCR047C,29.4238767485526
YCR053W,637.461104974102
YCR054C,25.8009437508419
YCR061W,59.1130593028244
YCR066W,9.76018991566076
YCR067C,49.337274448418
YCR069W,134.565183051954
YCR072C,40.0406333237867
YCR075C,29.3627849469049
YCR076C,29.9952141611459
YCR079W,5.99468306272901
YCR084C,113.275667914789
YCR088W,235.518282056643
YCR089W,1.84510236791958
YCR092C,14.7366951017228
YCR098C,1.71419033547696
YCR105W,1.54432553050913
YCR106W,5.54703325512157
YDL239C,0.56809117729443
YDL238C,7.0028378479933
YDL237W,98.5498498054042
YDL236W,176.062172370823
YDL234C,23.1060161534177
YDL230W,16.4665670157949
YDL225W,75.0027130375101
YDL224C,40.9298741057199
YDL223C,2.11697716005578
YDL222C,2.3026008823807
YDL218W,0.624276019004868
YDL215C,35.7354287773724
YDL214C,0.291057426652945
YDL211C,8.78933519587609
YDL210W,1.559592341523
YDL207W,19.8285670536421
YDL205C,58.3078645793371
YDL204W,3.96600675442328
YDL203C,15.3050098312257
YDL201W,70.8862669465407
YDL195W,174.015915703986
YDL194W,4.90299269226725
YDL186W,0.283723175947275
YDL185W,749.152612342748
YDL183C,9.89941061423957
YDL180W,25.1290479370925
YDL179W,29.6210534855391
YDL178W,63.6331397981627
YDL175C,21.1380321606966
YDL174C,27.3976164687441
YDL171C,86.2044416234937
YDL168W,115.979011708901
YDL161W,59.4805946538304
YDL160C,245.974784495366
YDL159W,19.354278729893
YDL156W,11.5235326681383
YDL154W,0.771762078852586
YDL149W,9.98689718453148
YDL147W,253.75012701908
YDL146W,15.5917342159601
YDL145C,219.305277366714
YDL144C,35.2135228859606
YDL143W,228.390732061357
YDL142C,23.4945828384949
YDL141W,44.9220778120935
YDL132W,82.0009445253772
YDL126C,613.698559794091
YDL124W,284.057111794827
YDL119C,18.4059201211975
YDL114W,0.384948847037293
YDL111C,68.1843872203563
YDL107W,19.2625657577622
YDL106C,37.6315174768285
YDL104C,8.65322202393404
YDL101C,27.4499940797145
YDL093W,57.4721815871013
YDL091C,21.9046322496001
YDL086W,92.3327938792466
YDL085W,1.40927069500933
YDL080C,9.52165606695939
YDL079C,0.402382675482211
YDL069C,9.83560844270953
YDL066W,307.859425704415
YDL063C,49.5994160867116
YDL058W,36.5024784879259
YDL057W,11.2409530826345
YDL054C,38.2067687010617
YDL049C,4.53674687253866
YDL048C,2.05559307573642
YDL047W,64.4607221926966
YDL044C,18.610169370054
YDL040C,135.745952295768
YDL039C,0.582929379686449
YDL037C,0.846093242778938
YDL030W,18.5183867915611
YDL029W,273.361944266371
YDL028C,14.3017317733901
YDL022W,223.799124464805
YDL020C,68.8417245278886
YDL019C,29.0092211847451
YDL010W,78.7222982694946
YDL005C,38.992289443783
YDL003W,49.9062249344008
YDL001W,18.840277551466
YDR004W,7.86587783946134
YDR005C,23.1744400907639
YDR018C,1.81715756226651
YDR019C,111.582196679463
YDR020C,28.6482440882258
YDR027C,21.9416592363922
YDR030C,6.45624029297624
YDR043C,16.6527938647008
YDR044W,161.96642076054
YDR046C,77.3909817575215
YDR047W,55.8889700479098
YDR054C,96.2413288592917
YDR058C,15.0754156776187
YDR061W,32.7632188272864
YDR065W,26.0875407005599
YDR068W,56.8786799144178
YDR072C,104.137277858669
YDR074W,72.4409618847981
YDR075W,32.0790705864411
YDR081C,21.9876422390701
YDR082W,4.48688201387898
YDR083W,56.7813155511089
YDR087C,99.531630700635
YDR089W,30.5276847173875
YDR090C,36.6013029942554
YDR101C,117.395156572008
YDR106W,3.74108824071942
YDR109C,9.62261046551567
YDR116C,59.2446909536445
YDR117C,52.4271651527192
YDR122W,29.2211242213508
YDR124W,1.22289685914652
YDR125C,3.9028549298865
YDR127W,125.551218393662
YDR129C,227.886210827026
YDR130C,22.0712346888172
YDR131C,14.2584933439673
YDR135C,104.199914264917
YDR137W,18.7562030679063
YDR138W,31.0011247834914
YDR142C,15.3167051035639
YDR143C,33.1728986400971
YDR144C,91.9331010742412
YDR146C,37.4882767708396
YDR150W,42.3431354959509
YDR151C,59.2588377329956
YDR153C,50.0699534906112
YDR158W,648.695625035262
YDR164C,33.916730684014
YDR166C,31.2133795691978
YDR168W,181.890621587306
YDR171W,58.8204022379918
YDR175C,61.3109723419649
YDR176W,24.0569223037947
YDR179W-A,9.98798247779644
YDR181C,14.8167919918587
YDR183W,31.2450147511936
YDR184C,34.7315829208547
YDR191W,14.1141273531254
YDR192C,21.638338573961
YDR194C,90.0933628085349
YDR195W,22.5858445017725
YDR198C,20.1716302361439
YDR204W,38.2640370223149
YDR205W,28.0670789574179
YDR206W,22.9423054279675
YDR214W,172.245244955671
YDR218C,0.663275521632617
YDR223W,1.20587238185172
YDR228C,25.1515886378903
YDR234W,48.9588394598319
YDR235W,25.3378122001356
YDR237W,71.9377661442169
YDR238C,213.379561837387
YDR239C,14.2552949922493
YDR240C,19.7380040761145
YDR242W,2.35672474257678
YDR243C,14.055089325785
YDR249C,8.12530751442504
YDR251W,42.2668782224809
YDR255C,10.7560903789334
YDR256C,0.548501826353243
YDR257C,34.3450423244191
YDR258C,77.0114741350403
YDR262W,66.9639115221887
YDR263C,1.58556791274714
YDR268W,32.324244409828
YDR270W,39.7552506435828
YDR272W,87.4287110010464
YDR273W,1.52814045944703
YDR275W,14.2361391714048
YDR277C,3.14997924845244
YDR282C,11.2211198487259
YDR291W,10.2086729086497
YDR292C,77.0917248435097
YDR294C,80.2018430377365
YDR295C,23.8258317118176
YDR299W,53.3359210643863
YDR301W,20.5621159925351
YDR307W,60.1573957881528
YDR313C,13.9019669157293
YDR315C,10.4966454931222
YDR317W,3.96608546377381
YDR318W,8.33922404104649
YDR319C,39.55790858408
YDR320C,31.8839098921626
YDR322W,65.5846704073709
YDR325W,17.4298655981302
YDR329C,40.1429031472
YDR331W,76.2738785664369
YDR333C,39.2569180380027
YDR337W,67.1698995532269
YDR341C,398.319664268023
YDR346C,224.177225729931
YDR347W,82.6620331028618
YDR349C,38.8947735314097
YDR350C,7.25383786802212
YDR352W,49.3178055013846
YDR354W,59.6543474913546
YDR356W,24.5883738569421
YDR362C,13.7925718553188
YDR363W,10.5765917352419
YDR364C,10.3340402145291
YDR368W,213.201277125792
YDR370C,17.6207350631732
YDR372C,149.745692816781
YDR374C,1.16200468082952
YDR376W,29.3445658487339
YDR379W,11.0885785207356
YDR383C,13.0869171732748
YDR386W,10.147404585177
YDR390C,47.6175301417578
YDR398W,56.7746705635636
YDR402C,0.329545310493802
YDR403W,1.43222021778692
YDR405W,32.9208498689573
YDR412W,61.4140422394323
YDR415C,42.5486719649361
YDR416W,15.2716402514399
YDR420W,9.18566782641397
YDR422C,21.3893728236628
YDR427W,286.87448856995
YDR428C,49.9620163848619
YDR430C,53.8528593656636
YDR434W,85.1105123367866
YDR435C,30.5802272032959
YDR438W,0.646448581059179
YDR439W,15.9232155835597
YDR444W,10.6567553864801
YDR446W,0.522929117174789
YDR449C,66.6864402426936
YDR451C,45.7546473903864
YDR456W,71.8843746251166
YDR457W,42.0574259853697
YDR472W,44.4867840728897
YDR473C,14.6682155729694
YDR475C,10.033873295753
YDR479C,17.0095524229629
YDR501W,6.66353693391855
YDR503C,32.391620797109
YDR516C,94.501051066836
YDR517W,65.8128269544868
YDR522C,0.562249622772122
YDR523C,0.493342338176742
YDR524C,23.7261609340615
YDR536W,0.711326459901961
YDR538W,25.2859139996773
YEL072W,3.19599074171025
YEL058W,85.8375535988632
YEL057C,1.16803793462406
YEL056W,41.593523228245
YEL055C,83.3467787586398
YEL053C,24.5625549489152
YEL051W,405.65043601183
YEL050C,40.2702224295287
YEL046C,384.641354179021
YEL043W,26.383727329315
YEL040W,378.471660418318
YEL038W,71.466025532142
YEL037C,147.685439499211
YEL036C,61.8449711333304
YEL030W,0.819748116580257
YEL023C,0.477023125972422
YEL019C,15.1268461545144
YEL018W,25.3623569570005
YEL015W,53.3532019356848
YEL013W,121.757479008015
YEL011W,16.5907848910131
YEL009C,86.352403590085
YEL007W,67.9823172516206
YEL002C,290.811808937976
YER001W,48.3120690416573
YER002W,118.419867482317
YER007W,6.93467908442951
YER014W,33.2880301128494
YER016W,46.4343657300549
YER017C,34.874418522121
YER024W,1.01970250340894
YER028C,7.30402942235696
YER032W,18.6210020697928
YER033C,5.6809117729443
YER037W,27.3895094758736
YER038C,5.89365049398382
YER041W,7.03583486447162
YER044C-A,0.392402069088774
YER048C,135.097005727156
YER049W,112.999124993217
YER054C,0.885336899679631
YER065C,1.59765328187393
YER068W,50.1024422073254
YER069W,15.9125804568413
YER073W,165.889680803232
YER076C,7.32100764044705
YER082C,53.5107378799648
YER087W,22.2124289344819
YER091C,397.58649991353
YER096W,1.81244726173381
YER098W,5.62194037045699
YER103W,20.8721758459391
YER106W,0.915125955055881
YER110C,371.510508826822
YER118C,101.200186787533
YER120W,393.319597456202
YER122C,158.002913051818
YER139C,24.3779785421401
YER145C,276.104916406745
YER148W,146.567523741963
YER149C,34.3456650700144
YER152C,35.9804810912948
YER153C,14.4681349094197
YER158C,6.64111110596315
YER161C,19.3010195984495
YER164W,22.1675452657773
YER165W,814.861563820013
YER166W,39.4908647495666
YER168C,49.7550945800998
YER171W,25.6880154833639
YER175C,25.6030955088979
YER179W,1.90083739931216
YER180C,1.02803808817088
YER182W,31.9642094641367
YER185W,1.56387977899614
YER186C,1.67845120564263
YFL055W,1.4498846752294
YFL054C,2.64042378179101
YFL053W,0.479901488224587
YFL052W,0.864913903147229
YFL045C,902.103603235202
YFL044C,55.0804037586625
YFL041W,94.8439487437068
YFL040W,0.299353434741975
YFL037W,434.21995165839
YFL034C-B,46.2330185341482
YFL030W,2.07435782580539
YFL022C,281.385508086439
YFL018C,290.435237312324
YFL016C,70.1088391637649
YFL011W,1.55484670562812
YFL008W,29.5254904494501
YFL004W,159.70222220105
YFL003C,1.02442671315389
YFL002C,28.7025938506683
YFR005C,30.6622526396219
YFR007W,18.9329575408495
YFR009W,122.920543721955
YFR014C,31.8753176424281
YFR015C,9.6580726369835
YFR016C,22.9691279419284
YFR018C,26.6638756261284
YFR023W,0.066372840682302
YFR024C-A,160.363341301852
YFR027W,11.3363771325719
YFR028C,48.2894179830544
YFR030W,21.3515853577095
YFR031C,15.4118668267124
YFR032C,1.36292321706406
YFR039C,41.6863867693141
YFR041C,89.8252402686722
YFR043C,83.9222209611561
YFR044C,472.044576508991
YFR046C,21.0690125948031
YFR051C,171.847581131565
YGL263W,6.93166713807994
YGL257C,25.7354529853219
YGL256W,15.674756564144
YGL255W,12.4131297992858
YGL254W,22.8316264074192
YGL253W,2134.68924388991
YGL252C,64.9703393834082
YGL251C,1.45365895270023
YGL249W,0.173422838582018
YGL246C,35.3989762499073
YGL245W,651.517483303179
YGL236C,14.5820195241351
YGL234W,258.40746727453
YGL224C,40.8642664835836
YGL223C,40.6353304834894
YGL215W,56.0010221714139
YGL213C,85.300652680938
YGL212W,17.532272806281
YGL211W,24.3971721216064
YGL209W,34.2754676869282
YGL207W,170.495776214437
YGL206C,291.329041513226
YGL205W,0.490331530533117
YGL203C,68.5518696463381
YGL202W,369.779710061869
YGL196W,43.6587012715329
YGL195W,145.123138189774
YGL190C,68.4012485093699
YGL185C,19.8999419982329
YGL181W,63.0957486898095
YGL175C,3.68604782318229
YGL174W,13.5591573448576
YGL170C,0.387835714522186
YGL163C,12.0243205456489
YGL160W,41.6836901339788
YGL159W,38.4636905730211
YGL158W,0.472812329147949
YGL157W,212.156800437069
YGL155W,28.2213036462394
YGL148W,324.757182184733
YGL144C,8.31221295043632
YGL142C,29.6317315870119
YGL140C,28.960849928541
YGL139W,56.9941637155324
YGL134W,7.7823016726472
YGL130W,45.5428386001982
YGL126W,25.7311886186301
YGL124C,11.9809340115576
YGL119W,27.120592327501
YGL117W,11.8324316217538
YGL115W,118.829465549815
YGL113W,5.90217415942704
YGL111W,60.6227110391471
YGL110C,23.734506522759
YGL107C,39.7949584255646
YGL105W,657.895879362145
YGL098W,32.9565251133609
YGL097W,117.127033906881
YGL096W,2.27754093858359
YGL095C,44.911419294248
YGL094C,24.6278820247995
YGL085W,9.31617412306233
YGL082W,68.6185571233255
YGL081W,4.5784774090858
YGL075C,9.70117716469762
YGL067W,61.1383316928515
YGL066W,23.6849889157984
YGL065C,72.7914647699393
YGL063W,2.47805289406019
YGL060W,31.2291784538033
YGL050W,30.3461363061075
YGL048C,210.144336366131
YGL045W,4.10137425135
YGL043W,113.978743677845
YGL039W,122.58099023046
YGL038C,80.3563063936739
YGL028C,163.458406526531
YGL027C,95.5614495881937
YGL025C,28.9035269414749
YGL022W,195.692460810108
YGL016W,60.6492967779015
YGL004C,25.2649927119567
YGR006W,14.9415761699357
YGR007W,52.1261286330022
YGR009C,43.4903150905281
YGR012W,38.3380652927584
YGR015C,11.9661758621593
YGR024C,52.0613386393082
YGR026W,246.9911347074
YGR028W,38.3961624935443
YGR033C,73.8148197251146
YGR043C,3.3359786960283
YGR046W,23.5439613228911
YGR047C,21.1966180072098
YGR048W,53.7204666684247
YGR053C,3.89259360637785
YGR059W,0.157604109715983
YGR060W,842.496078408849
YGR065C,47.1493935009811
YGR066C,1.21470899680666
YGR067C,1.16756350816808
YGR068C,9.05552418673975
YGR072W,20.2279864285184
YGR077C,22.2171486288069
YGR088W,1.00790370165141
YGR089W,24.1389057280041
YGR096W,4.53556665743134
YGR098C,13.2569941130571
YGR100W,23.875500927119
YGR101W,31.8193716400024
YGR103W,199.633027225321
YGR104C,34.7524365924708
YGR106C,603.010296523628
YGR108W,32.1206440094294
YGR110W,1.89500450476554
YGR111W,54.5912897732855
YGR112W,13.3503760646021
YGR117C,41.9418871896943
YGR120C,30.3480286817814
YGR122W,27.8617965934211
YGR125W,30.3941372120541
YGR126W,16.2136292762951
YGR127W,9.12633290907076
YGR128C,83.3581023969716
YGR135W,408.763663856635
YGR141W,30.7497457372188
YGR142W,57.6079959475133
YGR144W,1.0941833959562
YGR145W,56.6468807280968
YGR147C,55.6530459682093
YGR154C,1.11788961542732
YGR156W,29.5235912969769
YGR161C,65.0968841300197
YGR163W,54.2783853646085
YGR167W,280.495966871864
YGR172C,149.220523849529
YGR173W,101.911815878243
YGR178C,88.6591393301018
YGR179C,17.6430840393176
YGR184C,42.8109659743474
YGR189C,278.758833069847
YGR191W,96.5418852774913
YGR193C,106.135409482961
YGR194C,21.3479452137885
YGR195W,65.3449039466588
YGR198W,39.4779074825158
YGR200C,57.6233660614392
YGR204W,254.980092678716
YGR205W,66.157922538397
YGR207C,143.434497489273
YGR208W,148.006067828582
YGR210C,44.9070983641474
YGR212W,10.8304590334261
YGR218W,157.190243805823
YGR220C,63.2921185625113
YGR223C,17.2138962187351
YGR224W,0.661620217071332
YGR225W,1.50331399568346
YGR229C,107.650555615614
YGR231C,231.978293193556
YGR232W,124.639513884871
YGR233C,48.3670038615018
YGR237C,19.175734624849
YGR240C,810.730824470693
YGR245C,63.9519400181811
YGR249W,0.969520909063837
YGR252W,24.0451759460539
YGR255C,41.6039873620467
YGR256W,1.22850647776646
YGR258C,8.66867733472506
YGR261C,60.0933590127923
YGR262C,46.5111864243459
YGR264C,412.765231780424
YGR266W,43.7691428191361
YGR270W,23.342346821527
YGR280C,50.8319822835178
YGR282C,1182.82442091475
YGR286C,26.9105999389004
YGR288W,6.21071770411746
YGR289C,1.11942097106489
YHL039W,44.1065360587487
YHL036W,3.92413692372811
YHL029C,18.7440145991828
YHL027W,31.7481812225116
YHL026C,6.65722927362116
YHL024W,1.48445935775429
YHL023C,13.2576324058964
YHL022C,1.70792685135142
YHL021C,60.3709904396766
YHL020C,17.231798943606
YHL013C,47.7524221326173
YHL012W,0.245219213220617
YHL011C,209.867505021879
YHL004W,67.0550478913604
YHL002W,42.4007739297848
YHR002W,8.584714133245
YHR004C,15.4874424703323
YHR009C,53.7283020798784
YHR012W,79.0889435889589
YHR013C,149.518028704665
YHR014W,0.135406347784155
YHR015W,96.679197098908
YHR016C,36.0155740873456
YHR017W,25.8257549312771
YHR018C,85.288685158227
YHR019C,519.046857198567
YHR022C,1.68066094016201
YHR024C,61.487515660103
YHR028C,67.7308067370124
YHR029C,113.447564289742
YHR030C,50.9239654533436
YHR031C,9.74382614142677
YHR033W,1.42130468921275
YHR034C,14.7850716752414
YHR037W,86.6059000427452
YHR039C,105.053874017131
YHR042W,213.81421305009
YHR045W,36.9160752320461
YHR046C,52.7990623603058
YHR049W,205.840071505938
YHR050W,49.3439242977012
YHR061C,19.528134219496
YHR063C,147.933431256705
YHR065C,62.1278850944533
YHR067W,13.059714030836
YHR068W,472.880784772814
YHR070W,29.2454953844398
YHR071W,33.915891181757
YHR072W,35.6608282492447
YHR073W,24.806772738604
YHR075C,13.8977825613309
YHR076W,58.9572289466453
YHR083W,41.5796724750697
YHR086W,26.5553676946525
YHR088W,74.4533613536465
YHR090C,24.41016777437
YHR097C,15.3503382575551
YHR101C,20.9682184301849
YHR106W,13.7059916008954
YHR107C,107.280286683091
YHR112C,32.3005895738691
YHR113W,62.5722532254168
YHR114W,41.6172695198044
YHR118C,17.4326429165331
YHR119W,11.8902001423995
YHR120W,10.2904660813634
YHR122W,60.8920341315322
YHR123W,95.2423671238348
YHR127W,38.3443313249565
YHR129C,10.9175592308663
YHR132C,132.628092466261
YHR143W,384.69471820494
YHR144C,40.9417434670813
YHR146W,168.052771381507
YHR151C,11.2082853898631
YHR159W,9.04145113158741
YHR160C,0.556084800911122
YHR164C,8.66412887381453
YHR166C,13.9370916421299
YHR169W,38.1547462337733
YHR170W,116.019518614781
YHR171W,13.1422330087495
YHR172W,16.7202381439496
YHR176W,4.64264706555626
YHR177W,1.59662247131721
YHR179W,1189.31024148944
YHR183W,834.655885153178
YHR185C,0.985388113046843
YHR187W,37.3533032030647
YHR190W,279.079929152485
YHR194W,5.10550884574625
YHR195W,16.2856542829519
YHR196W,67.6652601146977
YHR198C,33.0648132411447
YHR200W,174.445234582777
YHR202W,9.62939032202735
YHR207C,30.7076312051043
YHR209W,18.5506696464292
YHR210C,1.63068110537451
YIL166C,1.34226793680546
YIL160C,0.192129222144158
YIL156W,20.0703496532338
YIL153W,20.8469585809429
YIL152W,15.2293581833633
YIL150C,10.2791313418561
YIL146C,5.5733318920883
YIL140W,46.8861277330337
YIL137C,62.7496833645856
YIL136W,10.3726330500301
YIL131C,34.2821466777411
YIL126W,52.2087767686531
YIL123W,514.802841150925
YIL122W,5.77876972732865
YIL119C,25.074677455718
YIL118W,140.791802674288
YIL116W,87.2267465751165
YIL114C,56.2620198431348
YIL108W,37.4706350898319
YIL106W,48.6313536046804
YIL104C,23.3890116788057
YIL103W,38.0128028520182
YIL099W,0.515533537438669
YIL097W,13.8432230562235
YIL095W,17.5879195938171
YIL094C,281.017071622945
YIL092W,6.02777093199016
YIL088C,81.6481569682508
YIL085C,30.5229250911098
YIL084C,19.0318809541703
YIL079C,24.7748081566987
YIL077C,17.0764833095633
YIL073C,0.75618186960872
YIL072W,1.34026872927372
YIL070C,174.795224032621
YIL056W,25.6938699984435
YIL053W,2283.8543532385
YIL049W,25.4903705015919
YIL046W,11.6098227400374
YIL042C,16.1297316410383
YIL039W,117.578244754662
YIL038C,50.4219784569693
YIL035C,102.149224898414
YIL034C,152.280862234138
YIL031W,9.04043574019308
YIL023C,32.1639857732876
YIL022W,69.9813882141404
YIL017C,13.5509840015842
YIL014W,23.5142894519292
YIR003W,27.8465392607667
YIR004W,52.2762059581635
YIR006C,95.9479428484316
YIR008C,38.2671911283217
YIR011C,52.7472940188969
YIR014W,10.9518608406246
YIR016W,1.92277013853499
YIR019C,0.451626327408243
YIR021W,21.1774814643736
YIR027C,1.13618235458886
YIR028W,0.894997864995828
YIR029W,2.08493147551987
YIR030C,13.1053258802961
YIR035C,22.1639513506004
YIR042C,4.45179629700384
YJL216C,0.836453267181983
YJL214W,2.06284673371569
YJL213W,0.838792342313924
YJL210W,16.0750713204287
YJL208C,61.8271651585818
YJL207C,29.8294494079025
YJL200C,73.7883923044325
YJL193W,25.2746297668891
YJL192C,194.284160873114
YJL187C,10.8678312178065
YJL186W,117.860066705277
YJL180C,37.433051818991
YJL178C,124.40077715539
YJL174W,215.227618696149
YJL171C,225.12563132524
YJL167W,534.272801966161
YJL162C,9.03135501424163
YJL160C,1.09751972781361
YJL157C,38.2320889160275
YJL156C,19.6172705564085
YJL153C,1.21266279204148
YJL147C,12.3308084971266
YJL145W,147.776850883328
YJL131C,14.9797208467261
YJL126W,15.4455273744315
YJL125C,42.5286606121335
YJL116C,7.30326452242792
YJL110C,22.5301691805436
YJL109C,80.6059555462939
YJL108C,1.35507987244543
YJL106W,0.440735724450087
YJL105W,6.57409558926849
YJL103C,2.4943499171121
YJL090C,6.45712516634403
YJL089W,0.8374698474896212
YJL088W,11.511321224124
YJL085W,23.4459725074095
YJL081C,54.4573625591009
YJL078C,66.5044279813747
YJL076W,55.7002640629518
YJL071W,10.9322286375508
YJL069C,48.3001538075221
YJL068C,98.1891910238145
YJL063C,70.83293920035
YJL061W,51.9560775214001
YJL060W,98.9350105291052
YJL058C,9.00690121475743
YJL057C,11.5169337649451
YJL053W,42.6427328533561
YJL051W,15.3492997744338
YJL039C,56.6687382661382
YJL036W,35.8168781681613
YJL034W,793.587597945871
YJL033W,43.0016135219818
YJL025W,6.51592016168109
YJL014W,243.151277022606
YJL013C,29.8541708343694
YJL008C,287.938665016131
YJL006C,30.6624286076483
YJR001W,67.7424242234931
YJR002W,54.7342959337477
YJR004C,1.74972082606684
YJR005W,44.9346909817166
YJR006W,30.1904179594591
YJR011C,31.2075057298837
YJR016C,609.528786381734
YJR024C,67.9239451112905
YJR031C,28.0722640722002
YJR040W,39.9496376290922
YJR041C,35.828549949857
YJR049C,36.1984926995536
YJR050W,23.6717197850103
YJR051W,64.8640872877323
YJR052W,14.1094966326307
YJR053W,11.7080642182802
YJR056C,25.5566083716887
YJR062C,22.5157601021973
YJR070C,269.713063920548
YJR072C,108.177760615751
YJR076C,98.7294211288683
YJR078W,2.39493370697581
YJR083C,24.049386993754
YJR088C,177.482481200085
YJR089W,11.7597995080042
YJR090C,23.2977386611812
YJR092W,36.4892816315466
YJR095W,0.49204747639675
YJR096W,29.1527146562476
YJR099W,56.2245384177152
YJR101W,94.4719549788449
YJR103W,31.9455756200545
YJR105W,510.082166050328
YJR106W,13.424824315569
YJR107W,1.08783416928721
YJR109C,87.9706878306228
YJR111C,24.050667639406
YJR113C,49.2968121485331
YJR117W,230.35714211171
YJR119C,8.33573356835784
YJR124C,40.8830035194959
YJR125C,113.6003990012
YJR129C,14.5243929864968
YJR132W,45.351248712127
YJR135C,12.2209966432309
YJR136C,12.469449908321
YJR137C,18.1929382052197
YJR139C,888.389753937222
YJR144W,79.7714028886951
YJR149W,1.58453323619366
YJR151C,9.19751354125146
YJR152W,0.595497600975698
YJR153W,1.21339863111432
YJR154W,2.29742755523483
YKL221W,0.510469948283627
YKL217W,1.18526926348048
YKL216W,587.481870100064
YKL215C,34.3471298288454
YKL211C,121.984531625166
YKL209C,80.37620631404
YKL207W,197.125531878977
YKL201C,3.17332181066811
YKL197C,13.7993081820308
YKL191W,39.869546667988
YKL187C,0.543391560890324
YKL185W,72.4112690264708
YKL183W,28.1463356023149
YKL181W,200.005654154898
YKL179C,50.2435407307168
YKL178C,2.39687784392718
YKL175W,111.431867874687
YKL173W,23.8250860692251
YKL172W,121.036285542565
YKL168C,9.89941061423957
YKL166C,36.3687953052479
YKL165C,72.9310070002924
YKL162C,8.25903256162125
YKL161C,2.03822186664569
YKL155C,19.9683755080017
YKL154W,89.4997864995828
YKL152C,6319.63011379769
YKL151C,33.5714578853542
YKL150W,96.6111543980423
YKL149C,17.9813207421889
YKL143W,50.2873204751664
YKL140W,65.9575990261325
YKL132C,2.33171751874579
YKL128C,98.9146991053831
YKL127W,139.111327039974
YKL126W,89.1604152995784
YKL125W,29.9020130814116
YKL124W,14.8269571958658
YKL112W,63.1865300541304
YKL110C,64.5751366546409
YKL107W,1.53506725492047
YKL106W,40.531665607393
YKL104C,194.028560481288
YKL099C,68.4265823051141
YKL098W,8.25024475143026
YKL096W,378.199109452519
YKL094W,79.2340717856357
YKL093W,0.93705761203205
YKL090W,10.6944502991758
YKL089W,13.2565766769944
YKL078W,14.1884235499877
YKL077W,236.707746336939
YKL075C,21.3358815015294
YKL074C,19.3868515807529
YKL071W,5.50034489507565
YKL060C,7344.65777097269
YKL059C,23.0298287896635
YKL057C,58.1606032255689
YKL054C,261.166368883211
YKL051W,36.1754724441232
YKL050C,0.576967601939655
YKL049C,36.9683213881151
YKL048C,11.419497777086
YKL047W,32.4572743973601
YKL046C,128.021807040682
YKL045W,37.70818181723
YKL043W,30.1563382790266
YKL042W,38.4047591322837
YKL039W,174.616981759605
YKL035W,309.420572713825
YKL034W,30.4921228294781
YKL033W-A,217.478493175854
YKL029C,86.6414993392361
YKL027W,40.6117804961597
YKL023W,21.8466845479402
YKL018W,49.8956069700836
YKL014C,51.330260100426
YKL011C,15.7774646173746
YKL004W,110.21784932184801
YKL002W,52.4380140328344
YKR001C,254.700342264124
YKR005C,1.0767512775796
YKR008W,79.2730659973142
YKR011C,67.9557940305492
YKR014C,179.658834819363
YKR015C,0.427525857484976
YKR016W,47.6720344826595
YKR022C,11.6861275644228
YKR026C,91.6952142750056
YKR028W,37.7837460058893
YKR031C,18.5300891562286
YKR034W,1.60417812024798
YKR036C,12.946393176341
YKR041W,0.781125368779841
YKR044W,12.235176189735
YKR046C,30.5846640501117
YKR048C,128.822643447658
YKR051W,16.6767870144408
YKR052C,49.2385055746461
YKR058W,2.50223511179211
YKR061W,4.15028120468685
YKR076W,27.3663232648386
YKR081C,147.735208379951
YKR082W,60.5555185067156
YKR084C,78.253579164434
YKR087C,35.7085882870784
YKR091W,16.6534342582504
YKR095W,36.668158280696
YKR097W,1.32565766769944
YKR101W,7.51619639144022
YKR102W,1.01895465592872
YKR104W,1.16200468082952
YLL063C,5.51882054029236
YLL062C,14.6747623097583
YLL061W,18.4795417983713
YLL060C,7.67567785610098
YLL057C,0.68029581106798
YLL056C,1.72112369392168
YLL055W,4.56409223389317
YLL054C,7.89908864590084
YLL051C,39.7923701131396
YLL046C,0.627252491868379
YLL036C,35.3535638365013
YLL033W,8.95127449628791
YLL032C,25.7879646500941
YLL026W,300.015217344194
YLL022C,24.1662686706328
YLL021W,42.9337972480431
YLL018C,398.106149601496
YLL012W,27.129645369041
YLL011W,52.9744086618787
YLL005C,0.188364821408854
YLL002W,15.0933208223734
YLR001C,22.521065260723802
YLR002C,48.0551085138515
YLR003C,72.5778024123068
YLR004C,2.39307092597159
YLR006C,12.8067398065277
YLR023C,23.1499692379303
YLR025W,86.8367942435771
YLR026C,53.0289222319324
YLR028C,161.246900043461
YLR030W,1.19170497263194
YLR033W,57.9920325202103
YLR034C,184.619964629245
YLR045C,29.6562851875736
YLR046C,2.47053605009438
YLR052W,33.1197156362653
YLR057W,20.0199093361518
YLR060W,393.806376657006
YLR064W,116.350825931948
YLR077W,21.3278922259399
YLR080W,11.0329719237211
YLR083C,179.883536900095
YLR084C,37.2918936167885
YLR085C,20.7994672977154
YLR088W,78.0795083211647
YLR089C,113.002232977482
YLR093C,97.7903304697433
YLR094C,25.0602689007003
YLR095C,26.0919753111336
YLR099C,36.9259265241379
YLR100W,205.741692000527
YLR107W,24.2631651792154
YLR113W,118.800233208967
YLR127C,10.4429485868305
YLR131C,18.2174323295095
YLR133W,30.757898708302
YLR138W,36.308682699224
YLR143W,31.2895444634281
YLR148W,29.5958484947112
YLR153C,376.428743700898
YLR163C,74.2395475843125
YLR165C,8.61931441412239
YLR168C,15.2002774465266
YLR174W,1.0690362745354
YLR177W,9.04716042433735
YLR182W,29.1230475029426
YLR188W,22.4788490200625
YLR190W,36.5995445279905
YLR191W,26.5893006326383
YLR192C,316.369640486642
YLR195C,96.7160173923874
YLR196W,106.352547398326
YLR199C,69.3226523181381
YLR203C,85.1300107359474
YLR207W,29.9579505892182
YLR213C,3.79878598798707
YLR214W,362.72675568843
YLR215C,24.8854099788268
YLR216C,629.951079867574
YLR219W,22.0421411136442
YLR226W,31.6751080716554
YLR227C,2.69741134542679
YLR231C,43.2862092223776
YLR234W,6.06939830647567
YLR240W,15.1844931501128
YLR243W,49.9342960919769
YLR246W,6.43198174115078
YLR253W,19.0635491253726
YLR257W,103.389229462982
YLR259C,1095.09707420152
YLR260W,19.063751302481
YLR263W,0.345658005939716
YLR270W,88.9630783643077
YLR277C,25.7080892213424
YLR284C,9.97031931386404
YLR286C,801.787394663695
YLR291C,117.751539246745
YLR301W,561.930802379524
YLR304C,910.876059231526
YLR307W,1.18029436625705
YLR312C,1.60746056597781
YLR312W-A,65.1935536464955
YLR321C,66.4427120913937
YLR323C,12.8455925216516
YLR326W,18.1789176734218
YLR329W,0.742161870574671
YLR332W,62.2778392494081
YLR336C,24.0223775589811
YLR340W,2961.87529286467
YLR341W,0.590722763695761
YLR343W,0.510122689815407
YLR347C,105.56614174957
YLR352W,15.9323021394189
YLR354C,805.795603175808
YLR355C,2075.17497162098
YLR357W,29.6695392190208
YLR359W,361.406240143486
YLR369W,28.13751946916
YLR377C,1.14241370205461
YLR378C,323.606085664712
YLR384C,64.2440820756786
YLR387C,75.6751471685671
YLR390W-A,630.298648357849
YLR392C,15.9731372169444
YLR393W,16.7673359882392
YLR394W,3.17462716723358
YLR397C,26.7739707993492
YLR398C,48.3175272859164
YLR401C,28.9632463905904
YLR404W,23.7531161865428
YLR407W,34.9058747901618
YLR409C,50.654631518503
YLR414C,86.1006842726576
YLR419W,20.0025490531178
YLR423C,11.0474302732891
YLR426W,16.777478737995
YLR429W,120.113137086466
YLR439W,35.619937372761
YLR440C,31.2306624247117
YLR446W,7.04113008477603
YLR449W,216.727247507464
YLR451W,12.4610841696046
YLR453C,5.26231827388525
YLR457C,6.82612040244548
YML131W,63.1995232871306
YML130C,130.082752615665
YML125C,247.171516287333
YML121W,49.7369622570021
YML120C,32.7984169949597
YML119W,20.1796527028227
YML118W,2.31592441606292
YML117W,30.0140408212509
YML115C,76.1207851823642
YML114C,16.8485775746943
YML112W,26.5149592131665
YML110C,201.17799405197
YML107C,11.405024395873
YML103C,62.6270963666996
YML096W,17.0741988301907
YML092C,251.678593820865
YML088W,21.0531160738325
YML083C,1.5334976565003
YML080W,32.3109932681032
YML074C,292.237082630026
YML069W,135.675890549146
YML068W,5.63363650160218
YML065W,19.337888785839
YML064C,32.6381045808647
YML061C,14.4152865924807
YML060W,28.963969531666802
YML054C,0.548458843685242
YML052W,165.376333306527
YML050W,9.02704393625534
YML048W,307.03997021586
YML047C,0.22600372333594
YML038C,69.5746549401579
YML037C,7.35863898813159
YML031W,60.0400481968346
YML029W,23.2022262426961
YML027W,22.5067824099885
YML025C,45.5599113772912
YML023C,9.74815361271234
YML021C,41.9187775543964
YML019W,77.1865373968302
YML018C,47.5920810530793
YML017W,69.2891087101375
YML016C,36.5651912986688
YML010W,109.429900382075
YML006C,17.018785437834
YML005W,14.0123882310367
YML004C,215.310977137603
YML003W,7.1999381817968
YML002W,1.32663485896267
YMR005W,34.4879075507409
YMR015C,162.909704315719
YMR017W,0.402836612424737
YMR018W,0.549535435322501
YMR020W,17.4686232408198
YMR025W,13.2331827181526
YMR027W,153.57138757162
YMR031C,52.5798231951068
YMR033W,74.4195527085632
YMR034C,7.76503325177594
YMR036C,9.70931533156251
YMR037C,38.7311006166508
YMR039C,62.8949325013228
YMR041C,24.1667602246199
YMR053C,4.47044057209386
YMR056C,1.79091179740721
YMR060C,46.0644252393932
YMR062C,63.9919748582349
YMR063W,8.47322433930675
YMR065W,0.960154102469459
YMR067C,49.491333072769
YMR068W,4.70557451072194
YMR069W,2.07149269068687
YMR076C,34.5860817756063
YMR081C,1.05716215323588
YMR083W,620.220190686673
YMR085W,0.464264706555626
YMR087W,19.9524706171702
YMR094W,6.31637764512001
YMR097C,21.0652749321688
YMR100W,27.9405681649418
YMR101C,1.27412479059548
YMR106C,9.16219327758286
YMR108W,332.490768058178
YMR110C,54.7452141813138
YMR113W,29.3905022302738
YMR116C,2730.32404969815
YMR119W,34.984012354094
YMR126C,10.3375699362685
YMR129W,58.8738864506609
YMR130W,59.613919357926
YMR133W,0.655817401074529
YMR134W,56.495585148019
YMR137C,8.29921690390781
YMR140W,25.045443597529
YMR145C,93.3377088058779
YMR146C,358.100517368401
YMR154C,6.21819208853876
YMR155W,20.8423279948826
YMR156C,13.5776765672726
YMR157C,45.2381808667589
YMR160W,15.9101916587343
YMR162C,17.3348188655486
YMR166C,12.3463836451857
YMR167W,10.2338359728135
YMR168C,11.2041888542167
YMR173W,672.747138508537
YMR177W,18.6679075475486
YMR179W,13.9822785461452
YMR183C,188.739939374055
YMR190C,8.16881733873157
YMR198W,13.3712290201615
YMR199W,51.1618606470967
YMR200W,153.092932912939
YMR201C,9.99410618008945
YMR205C,787.327402797758
YMR206W,0.505480521758441
YMR210W,25.0496897074709
YMR214W,80.639123591565
YMR217W,517.225167265913
YMR218C,18.4714270757951
YMR227C,15.6568425566421
YMR228W,31.4488498893655
YMR229C,124.025466230249
YMR232W,0.600576929383828
YMR238W,97.1579531729533
YMR239C,24.5176192306017
YMR244W,0.112089739017735
YMR247C,36.522888864571
YMR251W,1.63301470825054
YMR253C,25.6344548268307
YMR259C,29.1716796656156
YMR262W,13.2688636961591
YMR267W,54.5831278102485
YMR270C,13.8624170249837
YMR274C,23.3631065074252
YMR276W,231.464352220134
YMR279C,1.04773702159691
YMR281W,51.0573421921792
YMR284W,15.6225073755968
YMR294W,7.3769239275701
YMR296C,112.293568096517
YMR300C,131.782771077186
YMR301C,27.9436547020109
YMR306W,0.739937444616612
YMR308C,100.978763380403
YMR310C,35.7085882870784
YMR314W,330.898001966099
YMR316W,14.7660750241936
YMR318C,385.447350116495
YNL329C,10.8661006714342
YNL327W,224.199967177806
YNL322C,196.884663224913
YNL317W,20.2389853336452
YNL314W,7.51413851685148
YNL313C,50.6798211749991
YNL311C,15.7627693058608
YNL309W,18.6039019129245
YNL304W,14.1214978275956
YNL299W,12.6498035429934
YNL292W,43.6784956013509
YNL289W,80.5959343300238
YNL287W,236.827362247226
YNL280C,128.370280546693
YNL279W,1.29098929616344
YNL277W,7.45902208914437
YNL274C,22.6100288563183
YNL272C,34.69579635457
YNL267W,24.9344452694255
YNL264C,63.0581206796817
YNL263C,126.491914557252
YNL262W,22.5358623369241
YNL261W,23.6176170681518
YNL258C,39.2995254742522
YNL257C,15.0832236048042
YNL254C,6.88238154136428
YNL253W,30.1053789547975
YNL249C,9.09759379390364
YNL239W,167.997274781206
YNL238W,30.0413544718539
YNL236W,27.4602888728526
YNL232W,45.2141682144703
YNL221C,17.7541766062857
YNL219C,111.789743739548
YNL217W,64.5568203614157
YNL215W,31.0594008021767
YNL210W,0.290651300011104
YNL206C,39.3930079972646
YNL204C,1.18402161162418
YNL202W,2.56438565992518
YNL200C,35.8445346891866
YNL196C,0.132394130301668
YNL194C,0.393431455419018
YNL187W,3.12171423027091
YNL183C,30.31541100653
YNL182C,44.5992980238613
YNL181W,58.2125845246472
YNL178W,3345.73241073431
YNL177C,74.4507618636426
YNL176C,21.1278853578041
YNL175C,110.784547934336
YNL173C,31.4627500456271
YNL169C,38.4616052550177
YNL168C,101.253493994195
YNL167C,22.0331495282149
YNL161W,36.6097756963943
YNL156C,52.525938208976
YNL152W,22.0207621582414
YNL148C,41.5574087823758
YNL141W,122.803504356662
YNL137C,57.8488602024752
YNL136W,15.0919316534067
YNL129W,54.0498177254415
YNL128W,3.42031226566321
YNL121C,301.174987007297
YNL119W,29.6715247996947
YNL118C,61.730015630061
YNL117W,0.511016596398027
YNL108C,74.8427097528592
YNL101W,21.4104715060715
YNL097C,21.6311640585187
YNL095C,14.8002701453023
YNL094W,14.4924419607966
YNL092W,4.69925021857952
YNL091W,23.9351731038322
YNL087W,83.8663621390856
YNL083W,10.6053574873503
YNL082W,15.9210266248121
YNL080C,21.6646617961238
YNL078W,24.583017113449
YNL077W,16.8271805269586
YNL076W,17.3390758885647
YNL075W,70.369207135297
YNL072W,21.6237383242041
YNL071W,370.930121645187
YNL065W,17.2815347075186
YNL064C,688.711570255755
YNL062C,57.1000539118849
YNL058C,59.8601885814451
YNL055C,914.620476298567
YNL053W,13.8409030407397
YNL051W,45.366073840494
YNL050C,30.9543634511825
YNL041C,39.4853244459962
YNL038W,27.4718718572232
YNL032W,29.1106968342588
YNL029C,9.97674975966332
YNL025C,15.3312143038242
YNL023C,12.9436054317339
YNL009W,3.14835263141799
YNL008C,32.7185525017312
YNL006W,48.6105964637966
YNL003C,28.8202353359125
YNR002C,1.1158933839712
YNR007C,21.9352756620625
YNR009W,34.0284476838596
YNR011C,15.8675205607257
YNR013C,53.1576971316062
YNR015W,26.4100956632386
YNR021W,362.858111088347
YNR026C,48.0101115247323
YNR027W,20.4762534233597
YNR028W,58.7688573143601
YNR029C,26.2673123263588
YNR030W,90.5610057615337
YNR032W,20.7939092971549
YNR033W,34.0571956723919
YNR034W,33.9284464228164
YNR035C,210.003667918803
YNR041C,36.7651460022622
YNR044W,20.3338343189791
YNR045W,15.7357885760791
YNR051C,78.5141185722785
YNR053C,76.827927518187
YNR054C,39.0719222539977
YNR056C,0.793295238922401
YNR057C,4.27001515653632
YNR058W,0.754913108082531
YNR059W,5.09695212701036
YNR060W,8.15456660475194
YNR062C,0.969777373460909
YNR064C,1.90187046311614
YNR067C,152.982059875589
YNR068C,1.44318774832303
YNR069C,1.40056756959866
YNR070W,0.555604115111371
YNR071C,0.464609884776114
YNR074C,32.5117045384042
YNR075W,14.28952893058
YOL164W,2.01175145279315
YOL154W,3.29307558230899
YOL152W,20.6118945479079
YOL151W,217.321273604027
YOL147C,72.0531474737289
YOL145C,63.9184818683364
YOL141W,15.0444380160314
YOL140W,12.9812494948098
YOL137W,31.4680486008128
YOL132W,0.683417957647435
YOL128C,11.4875288276729
YOL126C,82.2265079142336
YOL125W,16.9120512861671
YOL124C,49.2879105934322
YOL116W,19.1232030082556
YOL115W,25.176338190196
YOL107W,46.1125310640293
YOL104C,1.46902420168361
YOL098C,78.9972027496171
YOL096C,30.2943550731654
YOL095C,9.1083253333738
YOL094C,53.2299760628775
YOL091W,12.6511514176383
YOL090W,58.2843782986236
YOL088C,98.0263572897835
YOL087C,17.5075067940767
YOL084W,0.620145843556606
YOL083W,7.77480926934834
YOL082W,44.5874805098115
YOL080C,34.7545420351336
YOL078W,8.80239655371805
YOL077C,194.57892176583
YOL073C,32.5981453112847
YOL072W,14.7502967164646
YOL069W,20.2212925118203
YOL066C,14.9455034904229
YOL065C,29.2174680368899
YOL060C,47.0981126415594
YOL058W,70.9810411446964
YOL055C,12.9897066610952
YOL049W,131.709123245347
YOL047C,0.782522730799125
YOL044W,18.2414598213808
YOL042W,26.0055083267178
YOL041C,111.317207424715
YOL031C,36.170923398183
YOL030W,240.3078631197
YOL028C,14.3289239623308
YOL027C,73.4761228744859
YOL025W,27.8896387828389
YOL023W,8.78108210524403
YOL021C,53.5453380865526
YOL019W,56.5822815576519
YOL016C,51.8429144829295
YOL015W,0.414756832980447
YOL011W,18.2015550827637
YOL009C,13.7579439228894
YOR001W,48.9583957239691
YOR003W,3.70560821847041
YOR019W,1.394866729964
YOR027W,660.530273320226
YOR032C,0.55464523226971
YOR033C,11.1879180834515
YOR035C,25.1304545619861
YOR038C,22.8468220012466
YOR040W,14.3623493220956
YOR043W,55.8597876453701
YOR047C,25.6833116912851
YOR048C,56.2573212143395
YOR049C,34.2796025147988
YOR051C,133.240793853457
YOR054C,12.2446679430353
YOR056C,49.2212986409834
YOR058C,22.177607512862
YOR060C,7.91591116717208
YOR063W,3048.8529340372
YOR065W,25.8402987911612
YOR075W,40.6644677276564
YOR079C,71.7782340896987
YOR080W,7.73474096245043
YOR083W,7.21809966444687
YOR084W,2.6833043221504
YOR090C,37.7204821345101
YOR091W,87.8892027840028
YOR092W,24.5461100533464
YOR100C,0.848555201778295
YOR106W,16.2654804266503
YOR107W,0.511689084973489
YOR110W,28.1320428018127
YOR112W,33.6958667441077
YOR118W,23.4828323315653
YOR119C,30.9537829226206
YOR120W,4.68992107827247
YOR123C,53.9962390845871
YOR124C,48.2980362527504
YOR125C,55.5652331756875
YOR126C,43.5139996011388
YOR129C,5.90781517464856
YOR130C,23.7543092708859
YOR134W,0.587220324219771
YOR136W,780.990342786967
YOR140W,16.5540027046358
YOR142W,253.214179333685
YOR143C,41.5772788148952
YOR151C,155.973233228688
YOR152C,15.2787358196546
YOR155C,46.0640788903312
YOR157C,273.965891647921
YOR162C,7.60967294746813
YOR165W,88.1377455639222
YOR166C,15.8858080617024
YOR173W,7.66333995701053
YOR174W,20.9223823832827
YOR175C,127.92924760216
YOR176W,102.404328248827
YOR177C,1.64675528508372
YOR178C,0.514532972436289
YOR180C,1.59302508580825
YOR187W,261.53064514739
YOR190W,0.541429858504439
YOR193W,9.33637113108673
YOR194C,64.9676077645965
YOR197W,175.306353195404
YOR201C,26.5315366316512
YOR204W,408.769365917872
YOR209C,192.564638406758
YOR211C,35.8743355405461
YOR212W,59.1262750712504
YOR219C,24.4421079165159
YOR220W,68.0364818250844
YOR221C,69.1261388300744
YOR229W,24.3758488617169
YOR232W,358.423738698979
YOR237W,24.5892719639571
YOR238W,31.5382422097554
YOR242C,0.429854029251159
YOR246C,33.0476117560702
YOR255W,0.42414047173566
YOR256C,27.2968154709661
YOR262W,36.5432069867306
YOR264W,47.3804999809145
YOR266W,16.5818880408154
YOR267C,40.0129540002394
YOR272W,100.508439059784
YOR274W,23.6094264386831
YOR275C,19.6107421655303
YOR278W,25.7101835666965
YOR280C,56.7421258453281
YOR281C,72.6756290248028
YOR284W,15.7227802085596
YOR288C,46.1828704091348
YOR295W,12.4298968764967
YOR296W,8.90207721785349
YOR298W,0.336193837269064
YOR301W,31.0836013908554
YOR303W,52.4078501516514
YOR305W,20.7763242417731
YOR307C,29.9810219614009
YOR313C,1.29208707617718
YOR316C,93.5293345734341
YOR322C,21.4622305798934
YOR324C,8.55197602026205
YOR328W,1.52864686256367
YOR335C,410.544961265684
YOR338W,1.97510189823173
YOR340C,120.60332542095
YOR344C,85.7122181473698
YOR347C,23.9120010850972
YOR348C,0.453060804263813
YOR350C,10.1749336904329
YOR351C,0.486619308259992
YOR353C,19.0332817881807
YOR354C,47.2643308748066
YOR355W,78.8085891867978
YOR358W,9.66340662408051
YOR362C,249.549898997499
YOR365C,0.636767322395795
YOR368W,19.250719383816
YOR371C,18.3298007004449
YOR373W,16.3727238265955
YOR374W,93.7933734659354
YOR377W,26.1496738840759
YOR378W,2.27236470917772
YOR385W,18.7470088507162
YOR386W,14.0378748223128
YPL274W,48.9292445247848
YPL272C,22.9507416286094
YPL270W,30.4404787023026
YPL268W,6.86755311053711
YPL265W,255.495520836335
YPL264C,8.56490936371764
YPL260W,104.431370501347
YPL259C,59.1431058883611
YPL258C,1.54115163775706
YPL256C,78.622470353152
YPL254W,27.3239098616779
YPL253C,18.2040266757331
YPL247C,9.80387121285137
YPL246C,143.517771105961
YPL245W,25.1376322644164
YPL243W,104.206437935762
YPL230W,1.12410519137573
YPL227C,68.3113440377808
YPL226W,237.180408842486
YPL224C,24.6298917878917
YPL219W,12.4488656413668
YPL215W,64.9185519759398
YPL213W,23.2292779825628
YPL210C,116.542318980594
YPL209C,9.44679855205507
YPL208W,37.9316910598149
YPL206C,82.2919045964311
YPL201C,0.348862690871667
YPL199C,105.827270741705
YPL196W,31.9281623694591
YPL195W,63.148743797914896
YPL194W,10.0063567920048
YPL193W,15.818934542934601
YPL191C,17.6962915404991
YPL189W,1.06536011938007
YPL186C,2.07867042003783
YPL183C,36.1709850276039
YPL175W,15.4669489806762
YPL174C,3.34347558000716
YPL172C,23.1509022947563
YPL171C,1.09982451924202
YPL169C,61.7118645437761
YPL167C,1.7807329757366
YPL165C,0.855295527834214
YPL160W,442.775739160891
YPL159C,38.0038251114642
YPL158C,32.8045765890329
YPL157W,20.2229040198681
YPL156C,58.3332647904768
YPL153C,11.8365515491987
YPL150W,11.8488177988544
YPL149W,14.6167665574254
YPL146C,62.0925664172131
YPL145C,259.573968702224
YPL139C,33.5610787817017
YPL134C,13.2631899352006
YPL132W,28.8111925495217
YPL131W,2950.5122325091
YPL126W,93.5296350988982
YPL124W,12.6679417038214
YPL122C,28.3938334176989
YPL116W,27.2025723943134
YPL113C,10.7010389777917
YPL111W,114.495554531543
YPL110C,19.0881079630847
YPL109C,7.35904355347263
YPL107W,14.3239110446278
YPL103C,20.0277536094309
YPL096W,33.9059159196447
YPL089C,12.5701791780548
YPL087W,79.2830544136182
YPL085W,47.4867714771721
YPL077C,8.92714707176961
YPL076W,18.9576493996006
YPL065W,36.7209451715059
YPL063W,157.789438499939
YPL061W,1904.85736382503
YPL060W,10.5685232207296
YPL057C,48.1737518404691
YPL055C,24.6136636280914
YPL054W,1.96715727709509
YPL053C,94.7255202255208
YPL052W,12.9568959659378
YPL050C,146.434125813691
YPL049C,36.5340001784939
YPL042C,9.10933374670369
YPL040C,10.7149134356188
YPL033C,0.559821092966516
YPL028W,494.093191467429
YPL027W,0.477630798744362
YPL026C,29.8795513816042
YPL024W,7.76072811413866
YPL023C,43.9068985123157
YPL017C,2.26208251592352
YPL015C,21.5175302300816
YPL012W,90.4381680318428
YPL011C,26.9343860253752
YPL009C,57.1574416497816
YPL008W,10.1104263456198
YPL007C,22.5983789159681
YPL003W,13.6642543619426
YPL002C,23.1938961303921
YPL001W,39.0296088700917
YPR002W,12.1225964616646
YPR005C,3.2183706181487
YPR007C,0.298995356470753
YPR010C,153.330277363332
YPR016C,294.379782292775
YPR024W,84.6656707007465
YPR027C,0.993031115815462
YPR029C,60.9191882266007
YPR031W,10.5148872658769
YPR035W,593.870763133032
YPR041W,320.107028597209
YPR047W,19.8149578792745
YPR048W,27.1582514877494
YPR054W,0.823591822107246
YPR055W,32.8530016428575
YPR056W,45.6928975120839
YPR057W,14.3266982829332
YPR060C,121.924311840844
YPR061C,4.59003364655521
YPR066W,14.6491938221014
YPR074C,733.49540849405
YPR078C,0.535935072919274
YPR084W,14.6309519004179
YPR085C,7.341105713841
YPR088C,153.367639651406
YPR095C,8.78346981203083
YPR097W,45.5341848500112
YPR103W,301.543545216789
YPR105C,28.6224745840786
YPR110C,257.067988663849
YPR112C,43.6116325409505
YPR116W,9.22100321828643
YPR118W,140.078974940659
YPR121W,0.212310406010376
YPR122W,14.0492009714131
YPR125W,51.4259307944575
YPR129W,122.587551038412
YPR135W,26.2674444040413
YPR138C,22.1619221307082
YPR140W,29.8569294353401
YPR144C,53.1128621210209
YPR148C,100.35299202745
YPR152C,8.73563042178701
YPR155C,21.1373018654018
YPR157W,2.23947728058176
YPR163C,369.694327704109
YPR169W,42.9977267218261
YPR176C,53.1622494888602
YPR178W,14.8765191341323
YPR179C,22.8251422897057
YPR183W,262.443437651624
YPR185W,11.9238925552258
YPR186C,12.0586593953747
YPR189W,40.9506682058903
YPR192W,1.03610411610176
YPR194C,0.419552603895178
YPR198W,53.6692212879348
YPR199C,12.6052849210824
