GeneID,WT_1
YAL067C,0.6
YAL061W,7.6
YAL060W,57.9
YAL058W,11.9
YAL056W,5.3
YAL051W,8.7
YAL049C,56
YAL041W,18.2
YAL040C,7.9
YAL039C,25.4
YAL038W,9016.5
YAL037W,0.7
YAL036C,105.8
YAL035W,185.7
YAL034W-A,7.4
YAL034C,0.4
YAL032C,10.3
YAL031C,6.4
YAL029C,14.7
YAL028W,1.4
YAL027W,10
YAL025C,66.3
YAL024C,5
YAL023C,131.1
YAL022C,24.9
YAL021C,32.6
YAL015C,8.6
YAL013W,16.3
YAL012W,541.4
YAL009W,9.1
YAL002W,3.9
YAL001C,8.8
YAR002W,39.7
YAR003W,10.3
YAR007C,54.7
YAR008W,14
YAR014C,19.5
YAR018C,10.4
YAR019C,4.1
YAR035W,1
YBL106C,5.9
YBL105C,15.7
YBL103C,13.9
YBL101C,9.6
YBL099W,203.9
YBL098W,15.6
YBL097W,9.3
YBL095W,6.3
YBL091C,101.7
YBL089W,8.1
YBL088C,1.1
YBL086C,8.7
YBL085W,15.6
YBL081W,19.9
YBL080C,5.6
YBL079W,24.1
YBL076C,365.3
YBL075C,0.5
YBL074C,6.9
YBL069W,29.9
YBL068W,61.7
YBL064C,43.2
YBL061C,18.7
YBL060W,4.9
YBL058W,97.3
YBL056W,72.6
YBL054W,18.5
YBL050W,85.6
YBL047C,70.6
YBL045C,60.4
YBL043W,0.3
YBL042C,27.5
YBL041W,189.1
YBL039C,186.2
YBL038W,35.9
YBL036C,84.5
YBL035C,19.4
YBL034C,7.5
YBL031W,7
YBL022C,48.9
YBL020W,16.2
YBL016W,28.1
YBL013W,3.2
YBL011W,20.3
YBL010C,10.4
YBL009W,18.2
YBL007C,68.2
YBR003W,21.2
YBR004C,15.7
YBR006W,7.4
YBR008C,0.6
YBR015C,69.6
YBR017C,47.9
YBR018C,0.4
YBR019C,0.1
YBR024W,11.1
YBR025C,625.7
YBR026C,52.8
YBR028C,16.3
YBR029C,39.7
YBR030W,57.1
YBR033W,0.2
YBR035C,118.1
YBR036C,71
YBR037C,21.4
YBR038W,34.4
YBR039W,131.7
YBR040W,0.2
YBR041W,32.1
YBR043C,4.7
YBR045C,0.5
YBR046C,40.4
YBR049C,36
YBR050C,0.5
YBR053C,34.8
YBR056W,128.6
YBR057C,17
YBR058C,26.2
YBR059C,24.1
YBR061C,37.7
YBR063C,0.2
YBR065C,12.1
YBR068C,101.2
YBR070C,19.5
YBR073W,20.8
YBR076W,0.1
YBR078W,1144.4
YBR080C,66.4
YBR081C,12.4
YBR083W,23.1
YBR084W,81.6
YBR085W,21.3
YBR086C,71.2
YBR087W,33.5
YBR088C,142.9
YBR094W,19.3
YBR095C,13.6
YBR103W,14.6
YBR105C,11
YBR107C,4.3
YBR108W,9.9
YBR114W,3
YBR115C,56.1
YBR117C,0.1
YBR119W,11.3
YBR121C,389.1
YBR123C,12.2
YBR128C,1.8
YBR129C,15.7
YBR130C,38.9
YBR132C,11.9
YBR136W,3.1
YBR139W,39.6
YBR141C,10.1
YBR142W,30.6
YBR143C,270.1
YBR145W,17.4
YBR146W,49.5
YBR147W,0.6
YBR148W,1.3
YBR149W,120.3
YBR151W,33.3
YBR153W,7.7
YBR155W,51.8
YBR157C,12.1
YBR159W,114.1
YBR160W,40.8
YBR161W,10.5
YBR163W,3.7
YBR165W,15.7
YBR168W,5
YBR169C,17.7
YBR170C,30.3
YBR175W,13.2
YBR176W,21.5
YBR177C,41.7
YBR180W,0.1
YBR182C,1.3
YBR183W,4.3
YBR184W,2.7
YBR185C,20.8
YBR186W,2.1
YBR187W,107.1
YBR192W,18.6
YBR195C,11.1
YBR196C,1827.4
YBR198C,25.1
YBR199W,72.9
YBR200W,18.5
YBR203W,0.4
YBR204C,12.3
YBR205W,96.5
YBR207W,30.4
YBR211C,9.8
YBR212W,29.1
YBR213W,11.2
YBR214W,15.8
YBR221C,375.5
YBR222C,66
YBR228W,4
YBR229C,27.1
YBR231C,11.7
YBR233W,16.1
YBR234C,105.9
YBR235W,7.6
YBR236C,23.1
YBR237W,4
YBR239C,4.9
YBR240C,0.1
YBR241C,6
YBR242W,36.8
YBR243C,32.1
YBR247C,54
YBR248C,51.1
YBR250W,0.4
YBR251W,27.7
YBR255W,5.7
YBR256C,40.3
YBR257W,14.6
YBR265W,39.5
YBR270C,2.3
YBR271W,14.8
YBR272C,19
YBR273C,26
YBR274W,8.2
YBR279W,40.4
YBR281C,19.2
YBR284W,0.6
YBR288C,29.6
YBR289W,11.4
YBR290W,21.7
YBR291C,10.1
YBR293W,1.7
YBR294W,0.1
YBR295W,1.6
YBR296C,36.4
YCL063W,13.7
YCL061C,9.1
YCL057W,70.1
YCL055W,22.3
YCL054W,43.1
YCL052C,15
YCL051W,6.7
YCL049C,16.7
YCL048W,0.1
YCL045C,88.7
YCL044C,26.2
YCL038C,9.3
YCL034W,42
YCL032W,11
YCL031C,62.5
YCL030C,165
YCL029C,13.1
YCL017C,71.9
YCL011C,72
YCL009C,252.9
YCL008C,42
YCL005W,10.5
YCL002C,8.9
YCR002C,81.5
YCR004C,174.3
YCR008W,19.5
YCR009C,107
YCR010C,0.4
YCR011C,40.1
YCR012W,8678.1
YCR014C,0.3
YCR015C,8.2
YCR016W,48
YCR019W,9.2
YCR021C,2.6
YCR026C,14.5
YCR028C,17.3
YCR030C,29.3
YCR035C,38.6
YCR036W,33.8
YCR042C,12.6
YCR044C,31.3
YCR045C,1.5
YCR047C,39.1
YCR048W,28.3
YCR052W,36.9
YCR053W,414.2
YCR057C,40.9
YCR059C,31.1
YCR061W,39.7
YCR067C,27.1
YCR068W,11.3
YCR069W,65.2
YCR072C,34.5
YCR073W-A,37.2
YCR075C,11.8
YCR079W,3.1
YCR084C,87
YCR088W,185.8
YCR089W,0.9
YCR094W,30.4
YCR095C,14
YCR098C,0.7
YDL240W,6.9
YDL238C,4
YDL237W,52.7
YDL236W,93.7
YDL233W,8.4
YDL231C,0.8
YDL230W,13.4
YDL227C,47.3
YDL226C,111.8
YDL225W,42.6
YDL224C,24.3
YDL222C,0.6
YDL218W,0.2
YDL207W,12.4
YDL206W,2.2
YDL204W,0.7
YDL203C,12.1
YDL202W,30.7
YDL201W,68.7
YDL198C,58.8
YDL195W,127.4
YDL193W,37.5
YDL190C,29
YDL189W,24
YDL186W,0.2
YDL185W,561.7
YDL180W,10.7
YDL179W,20.4
YDL178W,38.7
YDL173W,47
YDL171C,87.9
YDL170W,7.1
YDL168W,94.6
YDL167C,24.4
YDL164C,20.1
YDL161W,34.3
YDL155W,14.8
YDL154W,0.2
YDL153C,52.8
YDL150W,29.1
YDL148C,41.4
YDL147W,141.1
YDL146W,7.3
YDL145C,138.8
YDL144C,25.9
YDL143W,153.2
YDL142C,11.7
YDL141W,24.3
YDL140C,94.2
YDL132W,38.3
YDL129W,6.3
YDL126C,419.4
YDL119C,7.8
YDL117W,13
YDL114W,0.1
YDL111C,41.9
YDL109C,0.7
YDL108W,20.2
YDL107W,5.7
YDL105W,7.1
YDL104C,3.6
YDL103C,55
YDL102W,19
YDL101C,13.9
YDL099W,39
YDL091C,7.2
YDL090C,12.7
YDL089W,10.7
YDL088C,19.1
YDL087C,11.3
YDL086W,69.5
YDL085W,0.4
YDL084W,448.2
YDL079C,0.1
YDL078C,107.2
YDL076C,23.2
YDL074C,26.7
YDL073W,8
YDL065C,31.9
YDL063C,32.6
YDL060W,45.3
YDL048C,1.5
YDL047W,51.3
YDL045C,17.4
YDL043C,17.7
YDL042C,13.2
YDL040C,82.2
YDL036C,13.2
YDL031W,38.2
YDL029W,132.5
YDL025C,9.4
YDL022W,137
YDL021W,6.2
YDL020C,34.1
YDL019C,18.3
YDL017W,5.7
YDL013W,7.8
YDL010W,39.7
YDL007W,303.3
YDL006W,20.8
YDL005C,23.1
YDL001W,11.8
YDR004W,4.2
YDR005C,17.1
YDR006C,11.9
YDR009W,1
YDR014W,5
YDR018C,0.5
YDR020C,17.2
YDR023W,518
YDR026C,8.2
YDR030C,3
YDR034C,10.2
YDR036C,36
YDR043C,9.5
YDR044W,85.5
YDR047W,42
YDR049W,13.8
YDR051C,26.5
YDR052C,13.1
YDR054C,68.4
YDR055W,75.7
YDR057W,14.5
YDR058C,4.5
YDR061W,17
YDR065W,6.7
YDR068W,31.1
YDR072C,37.3
YDR074W,29
YDR075W,17
YDR076W,3.1
YDR077W,750.5
YDR082W,3.4
YDR083W,42.6
YDR085C,2.1
YDR087C,69.6
YDR088C,13.4
YDR089W,16.3
YDR090C,23.5
YDR091C,125.3
YDR096W,6.7
YDR097C,18.7
YDR104C,2.6
YDR105C,19.2
YDR106W,1.6
YDR107C,12.1
YDR108W,7.3
YDR110W,15.3
YDR113C,19.7
YDR116C,29.9
YDR117C,29.7
YDR118W,5.4
YDR124W,0.2
YDR125C,1.4
YDR127W,78.4
YDR129C,146.2
YDR130C,10.8
YDR138W,14.9
YDR141C,15.9
YDR142C,6.1
YDR143C,21.4
YDR145W,28.2
YDR146C,25.2
YDR147W,15.1
YDR148C,70.4
YDR150W,20.3
YDR152W,69.6
YDR153C,37.3
YDR161W,62.7
YDR164C,17.2
YDR165W,67.8
YDR168W,93.1
YDR169C,13.7
YDR170C,54.3
YDR171W,25.6
YDR172W,186.2
YDR173C,10.5
YDR175C,28.5
YDR176W,13
YDR181C,7.2
YDR182W,37.5
YDR183W,15.6
YDR184C,20.7
YDR186C,16
YDR188W,153.7
YDR189W,41.8
YDR191W,5.6
YDR192C,17.5
YDR194C,49.4
YDR195W,14.6
YDR196C,22.8
YDR198C,9.2
YDR202C,12.6
YDR204W,21
YDR207C,9.2
YDR211W,60.8
YDR212W,168.3
YDR214W,131.6
YDR216W,2.8
YDR217C,7.5
YDR218C,0.1
YDR219C,17.4
YDR221W,24.2
YDR222W,13.6
YDR223W,0.3
YDR229W,16.7
YDR232W,84.2
YDR234W,47.3
YDR237W,33.3
YDR238C,120.2
YDR240C,11.1
YDR242W,0.7
YDR243C,8.6
YDR245W,62.3
YDR249C,4
YDR251W,22.2
YDR255C,4.6
YDR256C,0.2
YDR258C,33.5
YDR259C,1.3
YDR261C,27.6
YDR262W,38.1
YDR263C,0.8
YDR265W,7.3
YDR266C,32.1
YDR268W,14.2
YDR272W,71.5
YDR273W,1.7
YDR279W,18.7
YDR280W,43
YDR284C,49
YDR287W,18.7
YDR288W,8.1
YDR289C,20.8
YDR291W,5.3
YDR292C,41.5
YDR293C,39.7
YDR294C,41.3
YDR295C,11.4
YDR297W,74.8
YDR299W,38.3
YDR300C,66.7
YDR303C,23.3
YDR307W,18.2
YDR310C,14.1
YDR311W,13.9
YDR314C,1.3
YDR315C,3.9
YDR317W,2.1
YDR318W,6.7
YDR319C,12
YDR321W,176.6
YDR322W,25.8
YDR324C,43
YDR325W,8.9
YDR329C,15.6
YDR331W,39.4
YDR332W,3.9
YDR333C,20.3
YDR334W,5.9
YDR336W,4.8
YDR337W,30.8
YDR338C,6
YDR341C,251.4
YDR346C,124.3
YDR347W,35.2
YDR348C,28.4
YDR352W,26.7
YDR354W,37.8
YDR356W,13.2
YDR358W,13.1
YDR361C,77
YDR365C,43
YDR371W,8.7
YDR372C,69.4
YDR374C,0.1
YDR380W,5.2
YDR383C,7.3
YDR387C,3.6
YDR388W,111.7
YDR391C,14.6
YDR393W,8.4
YDR394W,105.6
YDR395W,69.8
YDR398W,40.5
YDR400W,33.9
YDR402C,0.1
YDR405W,19.5
YDR407C,9.6
YDR410C,31.6
YDR412W,56.3
YDR414C,14
YDR415C,25.6
YDR416W,7.7
YDR423C,25.3
YDR427W,115.6
YDR429C,268.7
YDR430C,23.8
YDR432W,333.7
YDR434W,37.2
YDR435C,13
YDR436W,6.4
YDR440W,8.5
YDR444W,5.2
YDR446W,0.3
YDR448W,17.5
YDR449C,34.9
YDR452W,39.2
YDR458C,15.7
YDR459C,3.9
YDR460W,18
YDR463W,35.8
YDR465C,44.2
YDR472W,22.5
YDR477W,44.2
YDR479C,7.4
YDR480W,11.5
YDR481C,134.2
YDR483W,160.4
YDR484W,8.7
YDR485C,7.9
YDR486C,45.6
YDR489W,12.7
YDR490C,8.3
YDR492W,34.8
YDR497C,72.2
YDR498C,12.4
YDR503C,14.1
YDR505C,18.2
YDR506C,308.6
YDR515W,16.9
YDR516C,41.9
YDR517W,46
YDR518W,56.3
YDR522C,0.1
YDR523C,0.1
YDR528W,13.1
YDR530C,12.2
YDR531W,42
YDR532C,7.8
YDR533C,10.8
YDR538W,16.1
YDR539W,29.2
YEL072W,2.5
YEL071W,351.7
YEL065W,86.7
YEL064C,5.6
YEL062W,5.9
YEL061C,8.9
YEL060C,61.3
YEL058W,61.2
YEL056W,23.7
YEL055C,50.3
YEL053C,11
YEL052W,15.2
YEL051W,243.2
YEL050C,23
YEL047C,119.2
YEL046C,346.8
YEL043W,13.3
YEL042W,109.8
YEL038W,52.4
YEL037C,138.8
YEL032W,24.2
YEL031W,143.7
YEL030W,0.6
YEL029C,13.6
YEL025C,3.3
YEL019C,7.6
YEL018W,14.4
YEL017W,33.3
YEL016C,5.4
YEL015W,34
YEL013W,68.3
YEL009C,32.1
YEL007W,39.5
YEL006W,11.7
YEL005C,4.5
YEL004W,9.7
YEL002C,165
YER001W,33.8
YER002W,105
YER003C,246.9
YER005W,10
YER006W,126.9
YER007W,5.1
YER010C,22.2
YER013W,7.7
YER014W,15.8
YER016W,24.8
YER017C,18.7
YER019W,19.9
YER020W,14.5
YER021W,110.8
YER023W,294.4
YER024W,0.7
YER026C,137
YER027C,52.9
YER028C,7
YER032W,10.4
YER033C,2.9
YER038C,3
YER041W,3.9
YER043C,879.2
YER044C-A,0.4
YER048C,84.8
YER049W,78.7
YER052C,88.6
YER053C,5.4
YER054C,0.4
YER059W,13.4
YER061C,10.1
YER064C,65.1
YER065C,0.9
YER076C,4.7
YER078C,13.9
YER082C,38.6
YER083C,67.7
YER086W,132
YER087W,10
YER088C,21.6
YER089C,66.6
YER090W,127.9
YER091C,478.8
YER093C,4.9
YER096W,0.7
YER099C,38.2
YER100W,90.5
YER101C,7.8
YER103W,9
YER106W,0.2
YER107C,34.6
YER110C,254.9
YER111C,11.2
YER116C,9.9
YER118C,42.5
YER120W,320.6
YER122C,95.8
YER123W,19.4
YER125W,86.1
YER126C,112.5
YER127W,41.8
YER130C,16.7
YER133W,198.5
YER136W,121
YER139C,12.1
YER140W,8.4
YER142C,12.2
YER143W,26.7
YER144C,5.4
YER148W,105.4
YER149C,18
YER151C,39.7
YER152C,23.8
YER153C,13.4
YER154W,22.9
YER156C,93.2
YER158C,2.7
YER161C,17.2
YER163C,26.5
YER166W,21.9
YER167W,9.5
YER168C,26.6
YER169W,10.2
YER173W,3.1
YER175C,11.2
YER176W,16.7
YER178W,493.2
YER179W,0.8
YER182W,17.3
YER184C,1.1
YER185W,0.3
YER186C,0.3
YFL055W,0.5
YFL054C,0.7
YFL053W,0.1
YFL052W,0.5
YFL049W,11.4
YFL048C,80.8
YFL047W,17.1
YFL044C,31.9
YFL041W,39
YFL039C,2058.9
YFL037W,257.8
YFL034C-B,29.6
YFL034W,7
YFL031W,7.8
YFL030W,0.4
YFL029C,11.8
YFL028C,35.3
YFL026W,166.5
YFL024C,7.1
YFL018C,165.2
YFL013C,16.5
YFL011W,0.1
YFL004W,126.5
YFL003C,0.3
YFL002C,19.3
YFR002W,33.6
YFR004W,119.9
YFR005C,14.4
YFR009W,460.8
YFR010W,87.5
YFR013W,15.2
YFR015C,3.2
YFR018C,23.9
YFR021W,13.4
YFR022W,1.2
YFR023W,0.2
YFR024C-A,103.5
YFR025C,63.7
YFR027W,7.2
YFR028C,32.2
YFR029W,5.9
YFR031C,7.3
YFR032C,0.5
YFR039C,20.8
YFR041C,35.4
YFR043C,32.7
YFR044C,224.7
YFR047C,50.9
YFR050C,163.4
YFR051C,117.5
YFR055W,70.5
YGL263W,1.1
YGL257C,11.4
YGL256W,8.9
YGL254W,12.4
YGL253W,1389.8
YGL252C,27
YGL251C,0.5
YGL249W,0.2
YGL246C,24.2
YGL245W,455
YGL244W,48.4
YGL243W,8.4
YGL238W,48.9
YGL236C,6.2
YGL234W,227.6
YGL233W,15.9
YGL232W,61.8
YGL228W,57.1
YGL224C,20.8
YGL223C,18
YGL221C,92.1
YGL215W,21.8
YGL213C,44.8
YGL212W,16.4
YGL211W,17.7
YGL209W,21.8
YGL207W,103
YGL205W,0.3
YGL203C,41.9
YGL202W,264.8
YGL196W,21.9
YGL192W,0.1
YGL186C,35.3
YGL185C,11.1
YGL184C,6
YGL178W,13
YGL173C,120.7
YGL171W,39.7
YGL169W,21.6
YGL164C,13.2
YGL163C,6.1
YGL162W,7.6
YGL160W,16.4
YGL159W,14.9
YGL158W,0.1
YGL157W,70.1
YGL154C,5
YGL153W,19.5
YGL151W,14.7
YGL148W,292.8
YGL146C,1.3
YGL145W,14.7
YGL143C,8.2
YGL137W,166
YGL136C,3.6
YGL130W,26.7
YGL129C,24.6
YGL126W,20.4
YGL125W,13.7
YGL124C,4
YGL123W,3309.5
YGL120C,79.3
YGL119W,17
YGL117W,4.1
YGL115W,60.2
YGL114W,11.8
YGL112C,36.3
YGL107C,16.8
YGL100W,52.3
YGL099W,64.7
YGL098W,17.4
YGL097W,80.9
YGL090W,2.3
YGL085W,6.1
YGL084C,33.6
YGL083W,12.7
YGL082W,35.2
YGL081W,1.1
YGL078C,83.3
YGL077C,51.3
YGL073W,11.7
YGL067W,32.7
YGL066W,13.7
YGL065C,30.8
YGL064C,9.3
YGL063W,1.8
YGL061C,17.3
YGL059W,3.7
YGL056C,28.7
YGL050W,21.5
YGL049C,37
YGL044C,31.1
YGL043W,81.3
YGL039W,57.2
YGL038C,28
YGL035C,25.5
YGL027C,52.7
YGL026C,223.2
YGL025C,17.8
YGL023C,15.3
YGL017W,12
YGL011C,186.1
YGL009C,526
YGL006W,10.8
YGL004C,14.4
YGL001C,91.4
YGR002C,15.1
YGR004W,12
YGR005C,37
YGR006W,14.1
YGR010W,13.2
YGR012W,27
YGR013W,10.2
YGR014W,41.5
YGR019W,32.1
YGR021W,9.9
YGR023W,2.5
YGR024C,29.4
YGR028W,14.4
YGR031W,16.8
YGR033C,32.8
YGR036C,18.5
YGR041W,13.3
YGR043C,1.3
YGR048W,31.4
YGR052W,1
YGR053C,2
YGR054W,112
YGR055W,103.9
YGR057C,7.2
YGR058W,10.7
YGR060W,434.9
YGR061C,192.6
YGR066C,0.1
YGR067C,0.3
YGR068C,7.4
YGR070W,0.9
YGR072W,14
YGR075C,6
YGR077C,8.6
YGR080W,37.9
YGR083C,54.5
YGR088W,1
YGR089W,10.1
YGR091W,7.7
YGR092W,21
YGR093W,16.5
YGR097W,11.8
YGR099W,6.8
YGR100W,9.1
YGR103W,149.3
YGR106C,297.8
YGR109C,12.4
YGR110W,0.9
YGR111W,26
YGR112W,6.5
YGR113W,17.7
YGR116W,62.3
YGR117C,19.5
YGR120C,15.8
YGR121C,3.1
YGR123C,76.6
YGR125W,13.5
YGR126W,9.6
YGR127W,4.9
YGR128C,46.7
YGR130C,36.8
YGR132C,93.2
YGR135W,190.3
YGR136W,110.3
YGR141W,19.8
YGR142W,28.3
YGR144W,1.2
YGR145W,46.1
YGR147C,35.3
YGR154C,0.2
YGR156W,22.6
YGR158C,35.2
YGR161C,29
YGR163W,27.2
YGR165W,28.3
YGR168C,3.7
YGR172C,84.6
YGR173W,73.6
YGR175C,325.6
YGR177C,24.4
YGR178C,67.2
YGR179C,8.1
YGR185C,285.3
YGR186W,39.4
YGR187C,61.3
YGR191W,59.6
YGR193C,58.2
YGR194C,8.5
YGR195W,44.6
YGR196C,10.3
YGR200C,45.1
YGR205W,22.1
YGR207C,65.9
YGR208W,82.5
YGR210C,46.1
YGR213C,0.7
YGR224W,0.1
YGR225W,0.2
YGR227W,21.4
YGR229C,68.1
YGR232W,61.9
YGR235C,42.6
YGR237C,9.8
YGR241C,19.5
YGR244C,52.4
YGR245C,51.8
YGR247W,17.9
YGR248W,1.4
YGR249W,0.3
YGR250C,13.3
YGR252W,14.4
YGR253C,176.1
YGR256W,1.3
YGR260W,67.4
YGR262C,32.8
YGR263C,10
YGR267C,84.8
YGR271C-A,41.1
YGR274C,12.6
YGR280C,54
YGR282C,752.3
YGR283C,20.5
YGR286C,20.6
YGR289C,0.1
YHL047C,26.5
YHL044W,2.6
YHL039W,29.9
YHL038C,5.9
YHL036W,2.1
YHL030W,26.7
YHL027W,25.1
YHL025W,18.9
YHL024W,0.5
YHL023C,6.6
YHL022C,1.1
YHL021C,27
YHL019C,6.4
YHL017W,26.7
YHL013C,30.8
YHL009C,15.6
YHL007C,26.1
YHL004W,35.8
YHL003C,67.6
YHL002W,23.7
YHR001W,38.7
YHR002W,4.6
YHR004C,5.4
YHR005C,49.8
YHR006W,15.9
YHR007C,402.1
YHR008C,146.3
YHR009C,35.2
YHR013C,102.6
YHR014W,0.2
YHR015W,351.8
YHR016C,22
YHR018C,50
YHR019C,432.1
YHR022C,0.6
YHR025W,224.9
YHR028C,31.1
YHR029C,38.2
YHR030C,30.8
YHR031C,5.5
YHR032W,25.9
YHR033W,0.2
YHR034C,13
YHR035W,2.1
YHR036W,9.5
YHR037W,49.3
YHR038W,17
YHR039C,55.3
YHR040W,10.5
YHR042W,139.4
YHR045W,17.8
YHR046C,35.1
YHR048W,1.3
YHR050W,20.2
YHR061C,12.3
YHR062C,27
YHR063C,79.5
YHR064C,563.3
YHR065C,51.1
YHR067W,8.4
YHR068W,260.7
YHR069C,29.7
YHR070W,27.3
YHR071W,21.9
YHR072W,26.6
YHR073W,16.1
YHR074W,52.4
YHR075C,5
YHR076W,37.2
YHR079C,5.8
YHR084W,18.6
YHR086W,13.6
YHR090C,14.6
YHR097C,12.5
YHR098C,53.3
YHR101C,14.4
YHR102W,9.9
YHR104W,80.3
YHR106W,7.2
YHR107C,67
YHR108W,99
YHR109W,8.2
YHR111W,26.7
YHR112C,18.9
YHR113W,42.1
YHR114W,20.3
YHR117W,36.3
YHR118C,10.4
YHR119W,8.7
YHR122W,35.3
YHR127W,33.3
YHR129C,6.2
YHR131C,4.4
YHR132C,81.4
YHR133C,87.7
YHR134W,4.7
YHR135C,50.9
YHR137W,13
YHR139C,0.1
YHR140W,4.4
YHR143W,239.7
YHR144C,179.4
YHR146W,115.7
YHR151C,6.4
YHR154W,16.9
YHR155W,7.1
YHR156C,4.1
YHR158C,21.7
YHR159W,5.7
YHR161C,12.7
YHR163W,95.9
YHR167W,18.9
YHR168W,5.5
YHR170W,82.9
YHR171W,5.6
YHR176W,1.7
YHR177W,0.6
YHR182W,3.8
YHR183W,670.4
YHR186C,27
YHR187W,21.1
YHR192W,21.9
YHR195W,13.1
YHR196W,41.8
YHR197W,27.2
YHR199C,29.4
YHR201C,51.9
YHR202W,5.1
YHR204W,5.5
YHR205W,35.6
YHR206W,19.7
YHR207C,18.2
YHR209W,5.2
YHR210C,0.8
YIL155C,9.5
YIL154C,19.8
YIL153W,16.6
YIL152W,4
YIL146C,2.6
YIL144W,11
YIL143C,13.3
YIL140W,25.5
YIL139C,4.1
YIL137C,40.5
YIL136W,7.9
YIL135C,23.7
YIL134W,6.6
YIL131C,22.4
YIL130W,17.3
YIL129C,8.8
YIL125W,57.6
YIL124W,70.4
YIL123W,363.4
YIL122W,2.2
YIL121W,19.4
YIL120W,1.1
YIL117C,39.9
YIL116W,54.5
YIL115C,32.5
YIL114C,30
YIL110W,33.5
YIL109C,101.3
YIL106W,28.2
YIL105C,15.2
YIL104C,13.4
YIL103W,24.2
YIL099W,0.1
YIL095W,9
YIL094C,139.4
YIL093C,27.8
YIL091C,26.5
YIL090W,16.5
YIL088C,33.8
YIL085C,17.7
YIL084C,15.4
YIL083C,35.3
YIL077C,7.4
YIL076W,127.5
YIL075C,124.6
YIL073C,0.1
YIL072W,0.6
YIL071C,3.3
YIL070C,65.7
YIL061C,19.9
YIL055C,2.4
YIL050W,22.7
YIL049W,13.5
YIL045W,5.6
YIL044C,42.9
YIL042C,16.3
YIL041W,189
YIL039W,55.7
YIL038C,40.1
YIL037C,0.1
YIL036W,22.5
YIL034C,73.1
YIL030C,41.1
YIL023C,19
YIL021W,78.2
YIL020C,37.9
YIL019W,24
YIL015W,101.4
YIL014W,12.1
YIL011W,27.6
YIL006W,1.8
YIL003W,14.7
YIL001W,5.7
YIR003W,20.3
YIR004W,34.1
YIR008C,23.6
YIR011C,27
YIR012W,80.7
YIR014W,5.3
YIR018W,13.5
YIR021W,10.1
YIR026C,41.5
YIR027C,0.4
YIR028W,0.5
YIR029W,0.6
YIR031C,1
YIR033W,20.9
YIR034C,47.5
YIR036C,38.4
YIR042C,1
YJL216C,0.1
YJL213W,0.2
YJL210W,9
YJL209W,4.8
YJL208C,32.5
YJL203W,14.4
YJL201W,16.5
YJL200C,59.9
YJL197W,14.1
YJL196C,102.4
YJL193W,11.6
YJL192C,113.5
YJL187C,5.2
YJL186W,64.7
YJL185C,4.5
YJL183W,65.3
YJL180C,17.8
YJL178C,79.7
YJL176C,18.5
YJL174W,122.6
YJL172W,135.3
YJL171C,101.3
YJL168C,18.3
YJL167W,287.2
YJL165C,14.1
YJL162C,6
YJL160C,0.3
YJL155C,9.4
YJL153C,0.4
YJL147C,5.4
YJL146W,9.3
YJL145W,71.1
YJL139C,7.9
YJL137C,9.3
YJL133W,14.2
YJL132W,2.6
YJL131C,9.5
YJL130C,165.9
YJL128C,21.2
YJL127C,6.6
YJL126W,10.9
YJL125C,26.3
YJL123C,61.8
YJL117W,141
YJL116C,1.6
YJL111W,138.3
YJL109C,42.3
YJL105W,0.7
YJL103C,0.7
YJL101C,26.9
YJL100W,2.6
YJL095W,6.2
YJL091C,23.8
YJL089W,0.1
YJL088W,6
YJL087C,15.6
YJL084C,9.2
YJL083W,4.3
YJL082W,16.6
YJL081C,28.4
YJL080C,222.2
YJL078C,42.7
YJL074C,15.6
YJL071W,6.6
YJL069C,34.8
YJL068C,73.5
YJL066C,24.1
YJL063C,42.2
YJL061W,25
YJL060W,45.9
YJL058C,4.8
YJL056C,2.8
YJL055W,84.3
YJL054W,29.1
YJL053W,21
YJL050W,64.8
YJL049W,9.2
YJL046W,10
YJL042W,15.3
YJL041W,75.5
YJL036W,17.7
YJL035C,9.6
YJL034W,443.4
YJL033W,38.8
YJL031C,24
YJL029C,56.5
YJL023C,3.3
YJL020C,46.4
YJL016W,4.1
YJL014W,162
YJL012C,329
YJL010C,37
YJL008C,172.1
YJL006C,14.3
YJL005W,9.4
YJL002C,141.1
YJR001W,35
YJR002W,42.2
YJR003C,18.3
YJR004C,0.4
YJR005W,19.7
YJR006W,16
YJR008W,2.4
YJR010W,17.9
YJR011C,10
YJR013W,20.6
YJR019C,10.1
YJR024C,53.4
YJR030C,11.3
YJR032W,38.6
YJR036C,0.7
YJR040W,14.8
YJR041C,18.3
YJR042W,26.6
YJR043C,19.9
YJR046W,14.7
YJR049C,21.6
YJR050W,15
YJR051W,31.6
YJR052W,866.8
YJR054W,6.7
YJR059W,21.4
YJR062C,13.3
YJR064W,179.6
YJR065C,127.5
YJR066W,6.7
YJR068W,39.6
YJR072C,67.9
YJR075W,84.7
YJR080C,25.6
YJR083C,14.9
YJR084W,11.2
YJR088C,69.4
YJR090C,9.1
YJR091C,16.5
YJR092W,23.5
YJR093C,20.4
YJR096W,18
YJR098C,3.2
YJR103W,23.5
YJR106W,4.7
YJR107W,0.1
YJR109C,58.2
YJR110W,5.6
YJR111C,15.5
YJR113C,38.2
YJR116W,19.3
YJR117W,104.9
YJR121W,291.1
YJR124C,21.2
YJR125C,62.8
YJR129C,8.4
YJR131W,22.8
YJR132W,23.7
YJR134C,13.3
YJR137C,27.2
YJR141W,9.3
YJR144W,48.8
YJR148W,283.6
YJR149W,0.2
YJR150C,9.7
YJR151C,0.2
YKL222C,1
YKL215C,21.5
YKL213C,27.3
YKL212W,134.6
YKL211C,72.1
YKL210W,242
YKL209C,43.5
YKL207W,113.2
YKL205W,22.1
YKL204W,35.1
YKL201C,1.9
YKL198C,8.3
YKL197C,7.9
YKL195W,68.5
YKL193C,35.3
YKL191W,33.2
YKL189W,10.8
YKL188C,0.4
YKL187C,0.2
YKL185W,36.6
YKL184W,89.3
YKL183W,28.1
YKL182W,341.7
YKL181W,154.7
YKL179C,25.4
YKL175W,49
YKL174C,17.7
YKL173W,12.6
YKL172W,106
YKL166C,24
YKL165C,30.5
YKL161C,0.5
YKL154W,47.5
YKL151C,17.4
YKL150W,48.2
YKL149C,7.6
YKL148C,15.2
YKL146W,19.9
YKL145W,148.2
YKL143W,46.1
YKL140W,24.5
YKL139W,14.1
YKL134C,8.7
YKL132C,0.9
YKL130C,35.3
YKL127W,97.2
YKL120W,148.9
YKL116C,10.6
YKL114C,40
YKL113C,37
YKL112W,37.2
YKL110C,40.9
YKL109W,4.5
YKL108W,9.2
YKL107W,0.3
YKL106W,26.3
YKL104C,111.3
YKL103C,32.2
YKL100C,34
YKL099C,50
YKL098W,4.4
YKL096W,154.3
YKL095W,10.1
YKL094W,48
YKL093W,0.5
YKL092C,8.9
YKL091C,11.5
YKL090W,6
YKL088W,18
YKL085W,95.1
YKL082C,51.9
YKL080W,257.2
YKL078W,12.8
YKL077W,138.2
YKL075C,13.5
YKL074C,12
YKL073W,37
YKL072W,7.6
YKL071W,1.2
YKL068W,28.7
YKL064W,11.4
YKL059C,13.3
YKL057C,23.7
YKL055C,5.6
YKL054C,178.3
YKL052C,15.3
YKL049C,21.1
YKL048C,5
YKL047W,16.4
YKL045W,17.2
YKL042W,20.3
YKL040C,64.8
YKL035W,177.8
YKL034W,12.7
YKL033W-A,110.8
YKL032C,40.6
YKL029C,119
YKL027W,25.9
YKL025C,22.4
YKL023W,15.5
YKL022C,11.8
YKL020C,14.5
YKL019W,24.5
YKL018W,25.9
YKL017C,6.2
YKL012W,10.9
YKL011C,7.3
YKL010C,19.5
YKL009W,181.7
YKL008C,95.6
YKL002W,43.1
YKR001C,137.8
YKR002W,21
YKR003W,30.4
YKR004C,5.8
YKR005C,0.2
YKR006C,48.1
YKR011C,28.2
YKR014C,91.2
YKR018C,61.6
YKR019C,5.3
YKR022C,7.1
YKR025W,43.2
YKR026C,56.1
YKR027W,7.7
YKR028W,19.7
YKR037C,15.3
YKR038C,978.3
YKR039W,4.1
YKR041W,57.5
YKR043C,188.7
YKR044W,5.9
YKR046C,21.5
YKR048C,139.8
YKR050W,0.3
YKR051W,5.3
YKR052C,15.7
YKR053C,4.8
YKR055W,13.2
YKR058W,0.7
YKR060W,32.9
YKR061W,1.1
YKR062W,36.9
YKR063C,9.8
YKR066C,87.7
YKR067W,21.2
YKR069W,5.6
YKR072C,26.2
YKR076W,5.9
YKR077W,13.3
YKR078W,4.9
YKR080W,65.6
YKR081C,112.4
YKR082W,30.9
YKR084C,44
YKR086W,5.3
YKR088C,34
YKR091W,7.2
YKR093W,60.2
YKR097W,0.4
YKR098C,1.8
YKR101W,4.2
YKR103W,0.2
YLL063C,3.4
YLL062C,15.1
YLL061W,18.3
YLL060C,0.8
YLL058W,13.9
YLL056C,0.7
YLL055W,0.6
YLL051C,12.5
YLL048C,39.2
YLL043W,25.1
YLL041C,22.7
YLL036C,20.1
YLL035W,9.3
YLL034C,33.6
YLL032C,10.1
YLL028W,15.9
YLL027W,35
YLL026W,141.3
YLL023C,40
YLL021W,33.9
YLL018C,359.1
YLL013C,33.6
YLL012W,17.5
YLL010C,25.6
YLL008W,56.5
YLL006W,15
YLL002W,6
YLL001W,29.5
YLR002C,35.3
YLR003C,43.3
YLR004C,1.2
YLR005W,18
YLR006C,8.4
YLR007W,6.7
YLR014C,2.7
YLR019W,19.5
YLR020C,15.6
YLR022C,47.4
YLR025W,61.8
YLR026C,33.5
YLR027C,387.3
YLR028C,104.1
YLR030W,0.8
YLR032W,7.5
YLR033W,25.3
YLR035C,2.9
YLR045C,16.6
YLR052W,23.2
YLR054C,0.3
YLR055C,15.7
YLR056W,349.7
YLR060W,242.3
YLR069C,20.5
YLR070C,2.1
YLR071C,13.8
YLR077W,10.9
YLR078C,38.4
YLR079W,32.2
YLR082C,8.2
YLR083C,93.3
YLR084C,14.6
YLR085C,10.5
YLR088W,33.2
YLR089C,58.4
YLR090W,19.7
YLR091W,6.7
YLR092W,1.9
YLR093C,54.4
YLR094C,22.5
YLR095C,17.2
YLR096W,12.4
YLR098C,4.2
YLR102C,12.5
YLR107W,13.1
YLR113W,67.3
YLR114C,20.4
YLR116W,14.1
YLR117C,10.4
YLR118C,57.4
YLR120C,37
YLR126C,26.3
YLR127C,4.1
YLR128W,9.8
YLR129W,35.4
YLR130C,18
YLR131C,9.7
YLR132C,8.1
YLR133W,18.1
YLR136C,45.9
YLR137W,7.9
YLR141W,4.7
YLR144C,11.7
YLR146C,24.3
YLR150W,1913.8
YLR151C,5.1
YLR152C,2.1
YLR153C,267.2
YLR163C,39
YLR165C,3.2
YLR168C,9.5
YLR172C,153.9
YLR173W,6.6
YLR176C,5.8
YLR177W,2.5
YLR181C,22.8
YLR182W,14.7
YLR183C,23.6
YLR186W,85.4
YLR188W,15.6
YLR190W,28.7
YLR191W,13.6
YLR194C,38.4
YLR195C,59.4
YLR196W,86.7
YLR199C,35.6
YLR201C,27.3
YLR203C,41.9
YLR206W,38.1
YLR208W,201
YLR210W,9.4
YLR211C,5.6
YLR212C,19.7
YLR214W,102.5
YLR215C,13.8
YLR216C,333.9
YLR219W,13.3
YLR220W,37.2
YLR222C,42.4
YLR224W,7.6
YLR225C,28.3
YLR226W,12.6
YLR227C,1.2
YLR231C,35
YLR238W,7.6
YLR239C,9.3
YLR240W,7.3
YLR241W,18.3
YLR242C,8.5
YLR243W,28
YLR247C,7.6
YLR248W,45.4
YLR250W,116
YLR253W,10.6
YLR257W,82.3
YLR260W,9.4
YLR265C,9.5
YLR270W,37.9
YLR271W,3.6
YLR273C,1.3
YLR274W,18.7
YLR276C,52.5
YLR283W,5.6
YLR284C,4.6
YLR286C,467.8
YLR287C,37.3
YLR289W,3.2
YLR290C,17.6
YLR291C,69.3
YLR298C,15.7
YLR299W,13.9
YLR301W,253.7
YLR304C,565.6
YLR307W,0.3
YLR310C,10.3
YLR312C,0.2
YLR312W-A,29.8
YLR313C,3.3
YLR314C,99.1
YLR316C,12.6
YLR318W,0.7
YLR321C,37.9
YLR323C,9.8
YLR324W,16.4
YLR328W,39.2
YLR330W,56.7
YLR332W,36.4
YLR336C,19.5
YLR340W,3533.4
YLR343W,0.1
YLR347C,71.1
YLR348C,92
YLR351C,76.8
YLR353W,5.4
YLR354C,597.9
YLR355C,2264.6
YLR357W,19.2
YLR359W,221.8
YLR361C,11.7
YLR362W,9.1
YLR368W,6.3
YLR369W,11.5
YLR375W,15.1
YLR380W,70.1
YLR382C,6.8
YLR384C,53.5
YLR386W,13.7
YLR387C,42.3
YLR389C,27.4
YLR390W-A,503.6
YLR392C,4.8
YLR393W,13.4
YLR398C,28.6
YLR399C,49.1
YLR401C,28.4
YLR403W,20.5
YLR405W,16
YLR407W,24.7
YLR409C,40
YLR410W,50.1
YLR411W,3.1
YLR412W,12.3
YLR413W,173.8
YLR414C,42.7
YLR417W,5.5
YLR418C,38.2
YLR423C,5
YLR424W,4.4
YLR425W,3.5
YLR427W,14.4
YLR429W,86
YLR433C,24.4
YLR438W,157.6
YLR439W,26.7
YLR446W,3.7
YLR449W,168.5
YLR450W,23.7
YLR451W,7
YLR453C,2.9
YLR455W,22.7
YLR457C,5.5
YLR459W,29.7
YML131W,23.4
YML128C,3.4
YML125C,144.8
YML121W,24.1
YML119W,10.5
YML118W,0.9
YML117W,18.8
YML115C,44.6
YML114C,10.5
YML112W,15
YML110C,98.5
YML109W,8.4
YML107C,7.6
YML106W,306.7
YML102W,13.9
YML097C,17.4
YML092C,165.7
YML088W,13.3
YML087C,1.4
YML086C,92.2
YML083C,0.2
YML082W,14.1
YML080W,19.8
YML075C,32.1
YML074C,269.3
YML072C,91.4
YML071C,19.5
YML070W,86.2
YML069W,79.6
YML068W,3.3
YML067C,61.6
YML064C,17.5
YML062C,18.8
YML060W,19.3
YML059C,12.9
YML057W,25
YML054C,0.3
YML050W,4
YML043C,3.8
YML042W,0.5
YML041C,11.8
YML035C,40.1
YML034W,15.1
YML031W,28.6
YML029W,12.4
YML027W,20.3
YML025C,30.4
YML021C,24.2
YML019W,36.4
YML018C,26.8
YML017W,45.3
YML015C,15.1
YML014W,35.9
YML013W,27
YML010W,72.3
YML007W,30.3
YML006C,6.8
YML005W,7.7
YML004C,122
YML003W,3.4
YML002W,0.2
YMR001C,21
YMR004W,24.3
YMR005W,28.5
YMR013C,9.8
YMR014W,28.4
YMR015C,89.1
YMR016C,16.8
YMR017W,0.1
YMR020W,7.7
YMR023C,25.5
YMR025W,5.2
YMR026C,7.9
YMR027W,82
YMR029C,24.3
YMR030W,3.2
YMR031C,26.1
YMR032W,11.9
YMR033W,36.2
YMR036C,5.9
YMR038C,166
YMR043W,37.3
YMR044W,22.8
YMR047C,34.5
YMR054W,25.4
YMR055C,5.6
YMR056C,0.2
YMR058W,311.4
YMR060C,17.2
YMR062C,40.2
YMR063W,8.3
YMR064W,8.4
YMR065W,0.5
YMR067C,25.6
YMR068W,2.1
YMR069W,2.6
YMR070W,15.7
YMR079W,284.1
YMR080C,33.6
YMR081C,0.2
YMR086W,20.4
YMR088C,18.5
YMR089C,26.7
YMR090W,4.2
YMR092C,73.5
YMR093W,42.3
YMR094W,3.3
YMR096W,4.4
YMR098C,9.5
YMR099C,173.1
YMR101C,0.4
YMR102C,11.8
YMR104C,4
YMR108W,295.8
YMR110C,24.7
YMR111C,4.3
YMR114C,3.6
YMR116C,3151
YMR119W,12
YMR120C,150.5
YMR125W,62.4
YMR126C,4.9
YMR127C,6.6
YMR128W,29.9
YMR129W,27.6
YMR130W,33.4
YMR133W,0.2
YMR134W,25.5
YMR135C,7
YMR137C,3.6
YMR140W,14.2
YMR144W,12.7
YMR146C,285
YMR149W,132.6
YMR152W,33.4
YMR153W,33.3
YMR154C,3.1
YMR156C,8
YMR157C,18.3
YMR160W,6.3
YMR165C,9.1
YMR167W,5.2
YMR168C,4.3
YMR173W,265.3
YMR177W,8.6
YMR178W,53.1
YMR179W,8
YMR180C,4.1
YMR183C,133.7
YMR185W,6.4
YMR187C,6.3
YMR188C,34.9
YMR193W,30.3
YMR198W,7.7
YMR199W,18.6
YMR200W,80.5
YMR204C,5
YMR206W,0.5
YMR208W,49.5
YMR210W,11.6
YMR213W,11.1
YMR215W,105.7
YMR216C,20.6
YMR217W,442.8
YMR218C,7.2
YMR220W,41.3
YMR221C,36.4
YMR223W,14.4
YMR224C,6.5
YMR226C,211.1
YMR227C,14.8
YMR228W,14
YMR229C,107
YMR231W,14.4
YMR232W,0.4
YMR233W,15.9
YMR235C,143.1
YMR237W,45.8
YMR238W,43.9
YMR239C,17.8
YMR240C,9.7
YMR243C,115.1
YMR244W,0.1
YMR247C,16.9
YMR250W,7.9
YMR251W,0.4
YMR253C,10.6
YMR262W,8.8
YMR265C,5.4
YMR266W,48.6
YMR271C,1.6
YMR272C,55.1
YMR273C,8.3
YMR274C,11.3
YMR276W,220.4
YMR278W,23.5
YMR279C,0.3
YMR280C,0.3
YMR281W,18.3
YMR282C,6.9
YMR284W,12.4
YMR285C,19.7
YMR287C,4.4
YMR289W,19.6
YMR296C,74.6
YMR297W,188.9
YMR300C,80.3
YMR301C,15.1
YMR302C,14
YMR307W,760.8
YMR308C,63.9
YMR310C,28.6
YMR311C,60
YMR312W,28.6
YMR313C,9.4
YMR315W,103.7
YMR316W,4.7
YMR317W,3.3
YMR318C,180.5
YMR319C,25.8
YNL327W,118.2
YNL326C,9.8
YNL325C,5
YNL322C,125.7
YNL321W,14.3
YNL320W,24.1
YNL317W,11.7
YNL316C,18.2
YNL314W,6.6
YNL313C,34.5
YNL311C,7.4
YNL308C,64.2
YNL305C,26.4
YNL304W,7.6
YNL299W,10.3
YNL298W,12.8
YNL297C,14.3
YNL295W,7.1
YNL294C,3.9
YNL293W,6.5
YNL291C,14.4
YNL290W,38.9
YNL287W,126.5
YNL286W,11.4
YNL283C,18.3
YNL280C,71.7
YNL279W,0.7
YNL278W,7.5
YNL277W,9.7
YNL275W,5.4
YNL274C,10.9
YNL273W,7.2
YNL267W,13.7
YNL265C,24.1
YNL264C,32.2
YNL263C,67.5
YNL261W,10.9
YNL254C,5.7
YNL252C,30.2
YNL251C,50.7
YNL248C,100.4
YNL247W,122.7
YNL246W,27.4
YNL243W,55.4
YNL242W,4.2
YNL241C,134.2
YNL240C,14.3
YNL239W,76
YNL237W,2.7
YNL234W,4.7
YNL233W,13.1
YNL232W,35.5
YNL231C,108.8
YNL223W,4.7
YNL221C,15.3
YNL220W,198.2
YNL217W,49.5
YNL216W,36
YNL215W,22.5
YNL212W,28
YNL207W,43.2
YNL206C,19.1
YNL201C,15.4
YNL200C,14.1
YNL199C,15.6
YNL197C,35.6
YNL196C,0.1
YNL192W,23.8
YNL191W,19.1
YNL189W,161
YNL187W,1.2
YNL186W,23.7
YNL183C,13.7
YNL181W,34.5
YNL180C,28.7
YNL178W,3667.2
YNL177C,40.8
YNL176C,11.1
YNL175C,96.6
YNL173C,21.4
YNL169C,24.6
YNL167C,13.2
YNL166C,37.1
YNL165W,8.2
YNL164C,12.9
YNL163C,21.2
YNL159C,17.2
YNL156C,28.6
YNL155W,52.1
YNL154C,69.9
YNL152W,14.1
YNL151C,48.4
YNL144C,1.1
YNL142W,3.1
YNL141W,91.2
YNL138W,188.7
YNL137C,30.4
YNL134C,44.6
YNL132W,67.6
YNL129W,28.8
YNL128W,1.4
YNL125C,5.7
YNL124W,17.1
YNL121C,149.9
YNL119W,15
YNL118C,31
YNL117W,0.3
YNL112W,213.5
YNL108C,62.7
YNL107W,20.5
YNL102W,20.4
YNL101W,10.3
YNL098C,115.2
YNL094W,6.3
YNL092W,1.8
YNL088W,36.7
YNL087W,44.7
YNL084C,66.7
YNL080C,14.2
YNL078W,22.4
YNL076W,12.6
YNL075W,56.6
YNL074C,36.4
YNL072W,18.6
YNL066W,212.9
YNL064C,580.3
YNL063W,6.7
YNL062C,43.1
YNL061W,76.8
YNL059C,25.1
YNL054W,8.9
YNL053W,8.4
YNL051W,15.1
YNL050C,23.7
YNL049C,24.5
YNL048W,21.8
YNL042W,5.1
YNL041C,16.9
YNL040W,20.6
YNL038W,14
YNL037C,262
YNL035C,301.6
YNL032W,18.2
YNL029C,4.7
YNL026W,19
YNL025C,7.1
YNL022C,27.6
YNL011C,7.3
YNL009W,1.8
YNL008C,12.6
YNL006W,25.6
YNL005C,36.2
YNL004W,31.2
YNL003C,18
YNR003C,42.8
YNR006W,19.4
YNR008W,29
YNR009W,22.7
YNR015W,23.6
YNR016C,176.6
YNR019W,32.6
YNR021W,163.5
YNR023W,10.1
YNR027W,14.1
YNR029C,16.4
YNR030W,41.4
YNR032W,12.1
YNR033W,18.3
YNR034W,23.5
YNR035C,101.7
YNR038W,29.7
YNR039C,11.2
YNR040W,16.3
YNR041C,19.8
YNR043W,161.3
YNR044W,24.4
YNR048W,7.7
YNR050C,121.2
YNR052C,40.8
YNR053C,69.3
YNR054C,43.8
YNR056C,0.4
YNR057C,2.5
YNR058W,0.6
YNR059W,2.5
YNR062C,0.5
YNR063W,4.4
YNR064C,1
YNR067C,72.2
YNR069C,0.2
YNR070W,0.1
YNR071C,0.2
YNR074C,14.5
YOL154W,2.1
YOL152W,6.6
YOL151W,52.5
YOL148C,11.1
YOL147C,34.3
YOL145C,31.5
YOL144W,18
YOL142W,46.2
YOL138C,5
YOL137W,15.1
YOL136C,16.6
YOL132W,0.3
YOL126C,64.2
YOL125W,11.7
YOL123W,119.3
YOL115W,17.3
YOL110W,5.2
YOL107W,17.7
YOL104C,0.3
YOL103W,19.5
YOL102C,30.2
YOL098C,49.5
YOL096C,12.1
YOL094C,35.6
YOL093W,37.7
YOL092W,91.2
YOL091W,2.2
YOL090W,33.3
YOL088C,45.6
YOL083W,2.2
YOL082W,11.4
YOL080C,26.4
YOL077C,144.8
YOL076W,29.7
YOL072W,9.7
YOL070C,34.4
YOL069W,9.1
YOL066C,11.9
YOL064C,69
YOL062C,15.9
YOL061W,87.2
YOL058W,41.8
YOL057W,40.4
YOL055C,5.1
YOL052C,41.6
YOL049W,64
YOL048C,6.5
YOL047C,0.6
YOL044W,9.5
YOL043C,2.2
YOL042W,14
YOL038W,145.8
YOL034W,4.9
YOL033W,7
YOL032W,20.3
YOL031C,26.9
YOL030W,131
YOL027C,52.9
YOL022C,52.1
YOL021C,34.8
YOL020W,27.3
YOL018C,20.8
YOL016C,22
YOL013C,10.1
YOL011W,3.6
YOL010W,35.1
YOL009C,5.6
YOL004W,35.9
YOL002C,30.5
YOR001W,28.2
YOR002W,29.4
YOR003W,1.8
YOR004W,62.3
YOR005C,1.9
YOR006C,31.5
YOR008C,45.8
YOR017W,5.9
YOR023C,14.4
YOR026W,10.1
YOR027W,437.6
YOR030W,4.2
YOR032C,0.2
YOR033C,6.6
YOR037W,9.5
YOR039W,56.8
YOR040W,8.4
YOR042W,50.5
YOR048C,34.9
YOR054C,7.2
YOR057W,25.8
YOR059C,8
YOR061W,71.2
YOR062C,3.4
YOR063W,3752.4
YOR065W,22.2
YOR066W,10.5
YOR067C,31.3
YOR069W,18.2
YOR070C,10.4
YOR073W,6.7
YOR074C,42.2
YOR075W,17.7
YOR077W,16.3
YOR079C,22.1
YOR083W,10.8
YOR085W,110.9
YOR086C,44
YOR087W,187.1
YOR090C,20.8
YOR095C,97.2
YOR098C,28.5
YOR099W,165
YOR101W,38
YOR107W,0.6
YOR111W,21.5
YOR112W,18
YOR113W,7
YOR115C,27
YOR117W,121.9
YOR118W,12.8
YOR119C,22.9
YOR120W,2.1
YOR123C,40.6
YOR124C,27
YOR125C,25.4
YOR126C,23.9
YOR127W,9.4
YOR128C,68.2
YOR129C,3.1
YOR132W,22
YOR134W,0.3
YOR136W,383.7
YOR137C,1.2
YOR141C,19.8
YOR142W,134.4
YOR143C,20.6
YOR144C,6.6
YOR151C,78
YOR154W,6.7
YOR155C,24.4
YOR156C,7.1
YOR157C,165.4
YOR158W,28.8
YOR161C,8.8
YOR164C,102.3
YOR165W,44.3
YOR171C,24.5
YOR173W,1.5
YOR175C,56.1
YOR176W,79.4
YOR177C,0.6
YOR178C,0.1
YOR180C,0.6
YOR181W,19.1
YOR184W,215.9
YOR190W,0.2
YOR193W,43.6
YOR194C,49.6
YOR195W,17.9
YOR197W,110.9
YOR198C,302.9
YOR201C,13.5
YOR204W,396.9
YOR205C,5.3
YOR206W,76
YOR207C,40.1
YOR209C,96
YOR211C,16.3
YOR212W,50.2
YOR213C,11.2
YOR216C,21.9
YOR217W,28.2
YOR220W,36
YOR223W,14.4
YOR228C,4.7
YOR229W,12.4
YOR230W,287.9
YOR231W,8.9
YOR232W,213.8
YOR233W,12.4
YOR239W,82.1
YOR243C,52.6
YOR244W,11
YOR245C,12.9
YOR249C,4.4
YOR251C,51.4
YOR254C,119.7
YOR260W,60.7
YOR261C,145.4
YOR264W,28
YOR266W,6.8
YOR267C,22.7
YOR271C,133.4
YOR272W,70.6
YOR273C,4.5
YOR280C,31.3
YOR281C,56.4
YOR284W,8.2
YOR288C,24.5
YOR290C,16.4
YOR291W,9.1
YOR292C,8.8
YOR299W,13.1
YOR301W,20.5
YOR304W,12.6
YOR306C,10.5
YOR307C,14.9
YOR308C,8.9
YOR311C,42
YOR313C,0.6
YOR315W,41.5
YOR316C,31.9
YOR317W,62.5
YOR320C,29
YOR321W,23.8
YOR323C,192.5
YOR324C,6.4
YOR326W,53.4
YOR328W,0.4
YOR335C,285.9
YOR338W,0.4
YOR340C,94.6
YOR342C,22.9
YOR344C,54.6
YOR347C,13.9
YOR349W,2.5
YOR356W,24.9
YOR358W,4.9
YOR359W,18.7
YOR360C,17.5
YOR362C,152.8
YOR365C,0.5
YOR370C,30.3
YOR371C,8.2
YOR372C,16.9
YOR373W,9.6
YOR374W,39.8
YOR377W,16
YOR384W,2.4
YOR385W,9.5
YPL270W,12.4
YPL269W,1.9
YPL268W,3.7
YPL266W,74.8
YPL264C,5.4
YPL263C,47.3
YPL262W,125.2
YPL260W,49.1
YPL259C,24.8
YPL258C,0.2
YPL256C,41.6
YPL254W,15.5
YPL253C,6.2
YPL249C,14.8
YPL248C,0.3
YPL247C,7.5
YPL246C,67.1
YPL245W,16.9
YPL244C,13.9
YPL243W,64.9
YPL241C,14.4
YPL237W,273.3
YPL236C,5.8
YPL231W,292.7
YPL230W,0.7
YPL228W,26.6
YPL226W,133.1
YPL224C,10.8
YPL221W,20.4
YPL219W,6.3
YPL217C,38.1
YPL215W,31.7
YPL213W,16.4
YPL212C,48.2
YPL210C,61.4
YPL209C,6.8
YPL208W,17.9
YPL207W,31.7
YPL206C,45.7
YPL204W,47.4
YPL203W,19.2
YPL202C,17.5
YPL199C,80.9
YPL195W,30.7
YPL191C,5.7
YPL190C,46.2
YPL189W,0.6
YPL188W,21.4
YPL186C,0.7
YPL184C,46.6
YPL181W,14.4
YPL177C,43.4
YPL176C,15.2
YPL175W,7
YPL173W,24
YPL169C,42.6
YPL168W,5.7
YPL167C,0.4
YPL164C,1.5
YPL163C,141.5
YPL162C,12.9
YPL160W,294.8
YPL157W,17.3
YPL155C,9.2
YPL152W,13.4
YPL146C,48.2
YPL145C,154.5
YPL140C,6.8
YPL133C,6.2
YPL132W,13
YPL131W,3133.2
YPL129W,94.1
YPL128C,21.2
YPL126W,58.5
YPL123C,10.2
YPL122C,13.1
YPL119C,2.5
YPL117C,127.8
YPL111W,118.3
YPL106C,1007.8
YPL105C,22.2
YPL104W,7
YPL103C,12.3
YPL101W,30.8
YPL096W,12.4
YPL093W,102.9
YPL091W,112.1
YPL089C,7.7
YPL087W,29.3
YPL086C,52.2
YPL085W,35.7
YPL077C,7.2
YPL076W,10
YPL075W,6.1
YPL072W,4.3
YPL069C,14.1
YPL068C,16.5
YPL066W,5.9
YPL065W,18.4
YPL064C,11.5
YPL063W,97.4
YPL061W,1279.2
YPL058C,26.3
YPL057C,25
YPL055C,23.9
YPL054W,0.2
YPL053C,54.8
YPL050C,76.4
YPL049C,32.9
YPL043W,53.6
YPL042C,6
YPL032C,45.4
YPL031C,34.7
YPL029W,5.5
YPL028W,390.8
YPL024W,7.7
YPL023C,26.3
YPL020C,8.7
YPL019C,270.4
YPL017C,0.8
YPL015C,15.9
YPL014W,7.8
YPL012W,55.9
YPL011C,13.6
YPL008W,3.2
YPL004C,214
YPL003W,5.9
YPL001W,22.5
YPR001W,0.6
YPR002W,5
YPR003C,5.9
YPR004C,66.1
YPR005C,1.5
YPR009W,10.3
YPR010C,124
YPR011C,8.6
YPR013C,2.3
YPR015C,2.5
YPR016C,201.3
YPR019W,20.5
YPR023C,32
YPR024W,46.7
YPR025C,15.7
YPR027C,0.4
YPR029C,27.6
YPR030W,0.4
YPR031W,5
YPR032W,12.4
YPR034W,35.2
YPR036W,229.6
YPR040W,17.9
YPR041W,264.5
YPR045C,24.7
YPR047W,7.3
YPR048W,15.9
YPR054W,0.5
YPR056W,18.3
YPR057W,10.5
YPR058W,31.5
YPR060C,69.2
YPR065W,30.9
YPR066W,8.9
YPR069C,423.3
YPR072W,57.3
YPR074C,583.1
YPR078C,0.3
YPR079W,16.2
YPR081C,6.3
YPR083W,4.2
YPR084W,6.8
YPR085C,3.8
YPR086W,44.2
YPR088C,101.9
YPR089W,17.7
YPR091C,20.7
YPR097W,21
YPR103W,167.2
YPR104C,9
YPR108W,119.1
YPR109W,10
YPR112C,36.2
YPR115W,5.2
YPR116W,7.6
YPR117W,0.3
YPR118W,91.9
YPR119W,31.6
YPR120C,11.7
YPR121W,0.1
YPR122W,7.3
YPR127W,16.6
YPR128C,32.3
YPR129W,80.3
YPR138C,14.1
YPR139C,28.2
YPR140W,13.1
YPR141C,9.1
YPR144C,30.8
YPR147C,27.1
YPR148C,58.1
YPR152C,7
YPR155C,8.5
YPR157W,0.9
YPR158W,26.8
YPR161C,24.4
YPR163C,418.5
YPR164W,8.3
YPR167C,15.2
YPR169W,34.6
YPR173C,34.3
YPR175W,11.5
YPR176C,24.8
YPR178W,8.7
YPR179C,8.6
YPR180W,22.8
YPR181C,162.6
YPR184W,1.9
YPR186C,6.9
YPR189W,23.9
YPR191W,54
YPR192W,0.4
YPR194C,0.1
YPR198W,21.3
YPR201W,1.2
