GeneID,elp1D_1
YAL067C,0.8
YAL061W,4.6
YAL058W,13
YAL051W,8.8
YAL049C,53.3
YAL048C,8.1
YAL043C,17.1
YAL042W,148.2
YAL038W,9476.8
YAL037W,0.9
YAL036C,165.6
YAL035W,240.4
YAL034W-A,7.1
YAL034C,0.5
YAL032C,7.6
YAL029C,13.5
YAL028W,1.3
YAL027W,9.4
YAL026C,20.8
YAL025C,82.7
YAL024C,5.8
YAL023C,115
YAL021C,31.7
YAL020C,12.3
YAL019W,22.9
YAL014C,20.5
YAL013W,17.9
YAL012W,624
YAR002W,38.3
YAR007C,48.6
YAR014C,25.4
YAR015W,110.3
YAR018C,11.6
YAR019C,4.1
YAR035W,1.3
YBL105C,16.2
YBL101C,11.4
YBL099W,228.8
YBL098W,29
YBL097W,10.4
YBL086C,11.4
YBL085W,16.4
YBL076C,396.8
YBL075C,0.9
YBL069W,30.3
YBL068W,70.1
YBL067C,14.1
YBL066C,3.5
YBL064C,57.5
YBL061C,21.3
YBL058W,129.8
YBL056W,71
YBL050W,66
YBL045C,95.1
YBL042C,24.8
YBL038W,40.1
YBL036C,98.5
YBL035C,17.5
YBL031W,7.8
YBL030C,396.4
YBL029W,2.4
YBL024W,108.8
YBL023C,17
YBL019W,4.6
YBL016W,27.7
YBL013W,5.1
YBL010C,11.8
YBL007C,60.9
YBR002C,22.3
YBR003W,16.5
YBR007C,8.1
YBR008C,0.9
YBR011C,1249.4
YBR015C,61.9
YBR017C,50.4
YBR018C,0.1
YBR021W,3.9
YBR024W,9.5
YBR026C,69
YBR028C,19.3
YBR029C,41
YBR033W,0.1
YBR034C,82.6
YBR035C,112.5
YBR036C,75.6
YBR037C,28.6
YBR039W,148.9
YBR040W,0.5
YBR041W,29.4
YBR042C,26.4
YBR043C,4.9
YBR044C,4.2
YBR045C,0.6
YBR046C,26.8
YBR049C,36
YBR053C,18.8
YBR055C,9
YBR057C,16.6
YBR058C,29.6
YBR061C,33.8
YBR065C,9.5
YBR078W,1092.2
YBR079C,148.3
YBR080C,66.8
YBR083W,19.8
YBR085W,11.6
YBR086C,56.4
YBR087W,36.5
YBR088C,127.6
YBR094W,25.5
YBR104W,26.9
YBR107C,3.6
YBR108W,6.3
YBR110W,27.6
YBR114W,4.3
YBR115C,133.6
YBR119W,7.8
YBR123C,13.1
YBR126C,108.1
YBR128C,1.9
YBR129C,11.7
YBR130C,35.1
YBR133C,12
YBR136W,2.5
YBR138C,7.3
YBR139W,38.8
YBR141C,11.4
YBR142W,37.1
YBR143C,292.9
YBR145W,20.5
YBR146W,30.6
YBR147W,1.2
YBR148W,0.7
YBR149W,111.3
YBR150C,3.5
YBR152W,9.1
YBR153W,10.8
YBR155W,43.3
YBR156C,6.5
YBR157C,10.2
YBR159W,98.7
YBR160W,33
YBR161W,9.3
YBR162C,335.6
YBR163W,4.9
YBR165W,15
YBR166C,34.7
YBR168W,4.2
YBR169C,8.7
YBR170C,33.4
YBR175W,22.2
YBR176W,21.5
YBR179C,10.6
YBR180W,0.3
YBR182C,1.7
YBR183W,5.7
YBR184W,1.4
YBR185C,18.4
YBR186W,1.6
YBR187W,128.5
YBR198C,32.2
YBR199W,65.7
YBR200W,17.9
YBR203W,0.7
YBR205W,85.2
YBR207W,23.9
YBR208C,19.8
YBR211C,11.5
YBR212W,25.9
YBR213W,9.7
YBR214W,14.4
YBR215W,13.9
YBR216C,11.5
YBR221C,327.8
YBR222C,53.7
YBR223C,2.4
YBR225W,7.5
YBR227C,21
YBR229C,28.4
YBR231C,17.8
YBR233W,14.1
YBR234C,97.6
YBR236C,22
YBR238C,15.8
YBR240C,1.1
YBR241C,9.6
YBR242W,36.4
YBR243C,29.9
YBR246W,21.4
YBR247C,67.1
YBR248C,73.3
YBR249C,406
YBR250W,0.3
YBR251W,32.1
YBR256C,67.3
YBR257W,11.5
YBR259W,1.7
YBR261C,57.4
YBR263W,202.7
YBR270C,2.9
YBR271W,23.4
YBR272C,13
YBR274W,8.4
YBR279W,45
YBR283C,180.4
YBR284W,0.5
YBR287W,32
YBR289W,10.4
YBR290W,22.9
YBR291C,24.5
YBR293W,2.5
YBR294W,0.3
YBR296C,17.1
YCL063W,15.9
YCL059C,90.2
YCL057W,90.8
YCL054W,51.8
YCL049C,23.2
YCL048W,0.2
YCL047C,23.9
YCL045C,95.9
YCL044C,25.7
YCL038C,11.7
YCL034W,43.4
YCL031C,65.3
YCL030C,217.2
YCL029C,11.3
YCL028W,87.5
YCL027W,6.1
YCL024W,6.2
YCL017C,95.1
YCL011C,88.9
YCL010C,22.9
YCL008C,57
YCL005W,8
YCL004W,2.9
YCL002C,7
YCR002C,93.7
YCR007C,2.7
YCR009C,92.5
YCR010C,0.7
YCR011C,36.9
YCR012W,6334.6
YCR015C,8.3
YCR016W,38.1
YCR021C,2
YCR023C,9.8
YCR024C,2.3
YCR026C,16.5
YCR028C,17
YCR030C,23.4
YCR036W,36.6
YCR044C,32.9
YCR047C,50
YCR048W,31.1
YCR054C,11
YCR057C,53.2
YCR066W,4.8
YCR068W,6.8
YCR069W,58.2
YCR072C,44.2
YCR073W-A,53.9
YCR075C,11.1
YCR077C,51.6
YCR079W,3.4
YCR084C,80.1
YCR088W,199.7
YCR089W,0.8
YCR094W,28.4
YCR095C,16.7
YCR098C,1.1
YCR106W,2.5
YDL239C,0.1
YDL238C,3.6
YDL237W,44.2
YDL236W,110.7
YDL234C,9.5
YDL233W,11.4
YDL231C,1.2
YDL230W,14.6
YDL227C,32
YDL225W,36.4
YDL224C,24.9
YDL223C,1.2
YDL216C,4.4
YDL215C,14.2
YDL211C,2.7
YDL210W,0.4
YDL207W,10.8
YDL206W,1.2
YDL205C,37.3
YDL204W,0.3
YDL203C,9.3
YDL202W,32.1
YDL201W,45.6
YDL199C,1.6
YDL198C,113.4
YDL194W,1.8
YDL193W,29.5
YDL190C,29.5
YDL183C,3.9
YDL179W,18.5
YDL178W,33.4
YDL176W,3.5
YDL173W,54.8
YDL170W,9.3
YDL168W,106.7
YDL164C,22.1
YDL159W,10.5
YDL156W,8.6
YDL155W,14.7
YDL154W,0.1
YDL153C,53.2
YDL150W,26.1
YDL148C,54
YDL147W,107
YDL144C,30.6
YDL143W,203.6
YDL142C,13.8
YDL141W,21.1
YDL138W,1.4
YDL132W,42.5
YDL129W,5.9
YDL128W,54.9
YDL127W,12.9
YDL124W,90.2
YDL119C,7.2
YDL116W,26.1
YDL115C,14.9
YDL111C,41.8
YDL109C,0.7
YDL108W,19.9
YDL107W,8.2
YDL105W,5.3
YDL104C,3.4
YDL103C,51.9
YDL102W,19.1
YDL099W,35.9
YDL097C,205
YDL095W,127.4
YDL090C,13.5
YDL089W,9.1
YDL088C,19.8
YDL087C,12.8
YDL086W,89.5
YDL085W,0.3
YDL080C,4.7
YDL079C,0.2
YDL078C,109.7
YDL076C,20.7
YDL069C,3.5
YDL066W,289.6
YDL065C,38.3
YDL063C,31.7
YDL060W,54.8
YDL058W,23.9
YDL056W,7.4
YDL054C,14.7
YDL052C,56.6
YDL049C,2.4
YDL048C,1.2
YDL045C,15
YDL044C,7.4
YDL043C,19.3
YDL042C,10.1
YDL040C,75.1
YDL039C,0.5
YDL036C,11.2
YDL033C,3.4
YDL029W,135.4
YDL025C,7.2
YDL022W,143.8
YDL020C,36.7
YDL015C,172.9
YDL013W,8.1
YDL010W,26.1
YDL007W,451.5
YDL006W,24.9
YDL003W,36
YDR004W,5
YDR005C,16.1
YDR006C,10.9
YDR009W,0.5
YDR014W,5.2
YDR018C,0.1
YDR019C,110.4
YDR020C,13.9
YDR021W,18.6
YDR023W,433.7
YDR026C,9.5
YDR027C,10.2
YDR028C,28.3
YDR035W,203.2
YDR036C,28.1
YDR043C,7.9
YDR044W,66.5
YDR046C,53.8
YDR047W,36.1
YDR051C,24.8
YDR052C,11.8
YDR054C,60.9
YDR057W,16
YDR058C,5.3
YDR060W,65.4
YDR061W,13.6
YDR062W,80.3
YDR065W,6.8
YDR068W,27.4
YDR075W,18.8
YDR076W,4.9
YDR082W,2.6
YDR085C,1.7
YDR087C,95.2
YDR091C,119.1
YDR096W,6
YDR104C,2.7
YDR105C,24.7
YDR106W,0.9
YDR108W,9.6
YDR109C,6.5
YDR110W,15.7
YDR111C,9.3
YDR113C,17.2
YDR116C,25.1
YDR125C,1.4
YDR129C,225.9
YDR130C,11.2
YDR131C,5.6
YDR132C,5
YDR135C,43.5
YDR141C,15
YDR142C,7.6
YDR143C,14
YDR145W,24.5
YDR148C,70.4
YDR150W,17.6
YDR151C,25
YDR153C,27.5
YDR160W,1.3
YDR161W,68.1
YDR165W,64.7
YDR168W,105.8
YDR169C,16.4
YDR172W,252.6
YDR173C,11.7
YDR179W-A,3.5
YDR181C,9
YDR183W,13.8
YDR184C,24.1
YDR186C,14
YDR189W,39.2
YDR191W,5.8
YDR194C,61.9
YDR200C,7.9
YDR204W,22.3
YDR205W,10.5
YDR206W,11.7
YDR208W,21.3
YDR211W,93
YDR214W,124.4
YDR218C,0.6
YDR219C,14.6
YDR223W,0.2
YDR228C,11.6
YDR232W,74.9
YDR234W,95.1
YDR237W,28.5
YDR238C,113.9
YDR239C,8.6
YDR242W,0.4
YDR243C,13.2
YDR245W,53.9
YDR249C,4.6
YDR251W,19
YDR258C,53.7
YDR259C,1.7
YDR262W,36.6
YDR263C,0.4
YDR264C,38.5
YDR266C,28.4
YDR267C,23.1
YDR270W,8.2
YDR272W,66.2
YDR273W,1.3
YDR277C,1.9
YDR279W,12.9
YDR280W,51.9
YDR282C,4.4
YDR285W,1.1
YDR287W,16.2
YDR288W,6.8
YDR289C,17.6
YDR292C,32.4
YDR293C,47
YDR294C,52
YDR295C,11
YDR299W,43.5
YDR301W,11.8
YDR309C,51.4
YDR311W,16.9
YDR313C,7.4
YDR314C,1.4
YDR316W,8.8
YDR317W,1.4
YDR318W,4.8
YDR319C,9.9
YDR321W,199.7
YDR322W,25.4
YDR323C,6.9
YDR324C,52.9
YDR329C,20.5
YDR331W,36
YDR332W,3.5
YDR333C,22.9
YDR335W,26.9
YDR337W,24.9
YDR338C,6.7
YDR341C,225.6
YDR346C,131.7
YDR347W,33
YDR348C,28.3
YDR350C,3.5
YDR352W,24.5
YDR354W,56.3
YDR359C,6.1
YDR361C,100
YDR362C,8.5
YDR363W,6.3
YDR365C,66.6
YDR369C,4.8
YDR371W,7.8
YDR372C,78.8
YDR375C,10.2
YDR376W,15.5
YDR379W,5.4
YDR380W,59.5
YDR383C,7.3
YDR384C,137.1
YDR387C,2
YDR388W,105.9
YDR389W,14.9
YDR390C,43.6
YDR391C,17.1
YDR392W,15.7
YDR393W,6.5
YDR394W,156.9
YDR398W,43.7
YDR400W,32.3
YDR403W,0.9
YDR405W,22.4
YDR409W,5.1
YDR410C,24.5
YDR411C,40.9
YDR412W,50.8
YDR414C,8.3
YDR415C,26.3
YDR416W,7.9
YDR427W,97.5
YDR428C,19.3
YDR430C,21.5
YDR435C,14.9
YDR436W,6.6
YDR438W,0.5
YDR439W,6.6
YDR440W,8.2
YDR449C,53.3
YDR451C,35.9
YDR456W,21.1
YDR459C,2.6
YDR463W,38.3
YDR464W,10.2
YDR465C,53.7
YDR472W,37.9
YDR473C,6.2
YDR475C,4.5
YDR477W,42.6
YDR479C,7
YDR480W,13
YDR481C,113.6
YDR484W,9
YDR486C,42.7
YDR489W,13.1
YDR490C,9.8
YDR492W,42.6
YDR494W,15.6
YDR495C,6.3
YDR497C,88
YDR498C,10
YDR505C,15.9
YDR506C,323.8
YDR514C,12.5
YDR515W,11.9
YDR516C,27.3
YDR517W,56.8
YDR518W,35.5
YDR520C,5.3
YDR523C,0.1
YDR528W,14.6
YDR530C,12.7
YDR532C,4.4
YDR533C,17.8
YDR534C,9.3
YDR536W,0.4
YDR538W,8.6
YDR539W,22.1
YEL072W,1.5
YEL071W,256.8
YEL065W,53.1
YEL063C,56.6
YEL062W,6.3
YEL060C,85.1
YEL058W,98.3
YEL057C,0.6
YEL056W,31
YEL055C,50
YEL052W,19.6
YEL051W,248.2
YEL050C,25.8
YEL047C,95.1
YEL042W,101.3
YEL041W,2.4
YEL038W,67.5
YEL037C,143.8
YEL032W,33.3
YEL031W,151.1
YEL030W,0.7
YEL029C,20.8
YEL023C,0.1
YEL020C,3.2
YEL019C,6
YEL018W,16.9
YEL017W,35.7
YEL013W,68.4
YEL011W,5.3
YEL009C,92.8
YEL007W,32.5
YEL005C,5.2
YEL002C,162.9
YER002W,98.9
YER003C,295.9
YER006W,142.3
YER010C,18.8
YER014W,11.5
YER015W,2
YER016W,32.5
YER017C,23.1
YER021W,143.8
YER022W,24.9
YER023W,293.5
YER024W,0.7
YER026C,197.4
YER028C,5.9
YER039C,1
YER041W,4.3
YER043C,829.9
YER047C,6
YER048C,78.5
YER049W,93.7
YER052C,162.1
YER053C,5.5
YER054C,0.6
YER059W,11.3
YER065C,1.2
YER069W,12.8
YER076C,3.7
YER077C,6.1
YER080W,68
YER082C,36.2
YER083C,69.5
YER086W,152.1
YER089C,55.6
YER090W,205.8
YER091C,354.5
YER093C,4.1
YER095W,24.2
YER096W,0.5
YER099C,47.7
YER100W,78.2
YER101C,9.7
YER106W,0.7
YER107C,30.2
YER110C,244.3
YER111C,8.9
YER116C,11.7
YER118C,39.1
YER119C,23.2
YER120W,427.9
YER122C,110.1
YER123W,18
YER125W,81.7
YER126C,121.1
YER129W,7.3
YER130C,14.8
YER133W,183.8
YER136W,123.4
YER139C,11.4
YER140W,5.8
YER141W,40.8
YER142C,14.8
YER148W,91.5
YER151C,39.3
YER152C,42
YER153C,19.6
YER156C,122
YER157W,11.8
YER158C,2.3
YER161C,20.6
YER163C,24.1
YER171W,16.4
YER173W,3.8
YER174C,27.1
YER178W,503.8
YER179W,0.8
YER182W,14.4
YER184C,0.5
YER185W,0.7
YER186C,0.7
YFL055W,0.8
YFL054C,1.3
YFL053W,0.1
YFL052W,0.3
YFL049W,10.6
YFL048C,82.4
YFL047W,17.7
YFL044C,38.2
YFL041W,38.9
YFL037W,248.9
YFL034C-B,33.2
YFL033C,5.4
YFL031W,4.2
YFL030W,0.5
YFL029C,14.5
YFL027C,9
YFL026W,198
YFL024C,6.2
YFL022C,233.4
YFL018C,189.8
YFL016C,50.6
YFL013C,17.1
YFL011W,0.2
YFL007W,25.2
YFL004W,126.3
YFL003C,0.4
YFR002W,37.4
YFR007W,9.6
YFR009W,465.3
YFR010W,104.1
YFR013W,13.6
YFR014C,14.8
YFR016C,17.1
YFR018C,21
YFR019W,6
YFR020W,4.1
YFR021W,15.4
YFR022W,0.7
YFR024C-A,100.8
YFR025C,66.4
YFR030W,17.2
YFR031C,7.7
YFR032C,0.5
YFR038W,11.5
YFR039C,18
YFR041C,28.4
YFR043C,40.6
YFR045W,6.7
YFR046C,9.7
YFR047C,65.9
YFR050C,139.8
YFR051C,113.5
YFR052W,149.6
YFR053C,17.9
YFR055W,74.2
YGL263W,2.7
YGL254W,15
YGL253W,829.6
YGL252C,31.3
YGL251C,0.6
YGL250W,4.9
YGL249W,0.1
YGL248W,13.5
YGL246C,24.3
YGL245W,583.9
YGL243W,10.1
YGL241W,10.8
YGL240W,10.7
YGL238W,52.5
YGL237C,12.6
YGL236C,5.3
YGL234W,285.3
YGL232W,43.7
YGL229C,2.8
YGL228W,43.9
YGL227W,6.1
YGL224C,22.7
YGL221C,106.7
YGL219C,15.2
YGL213C,38.5
YGL212W,15.1
YGL211W,28
YGL209W,21.7
YGL207W,116.4
YGL205W,0.2
YGL203C,30.5
YGL202W,366.4
YGL198W,64.3
YGL194C,18.8
YGL190C,35.4
YGL186C,42.1
YGL180W,6.4
YGL176C,3.3
YGL173C,88
YGL172W,50.3
YGL170C,0.1
YGL169W,26
YGL163C,6.5
YGL162W,6.2
YGL161C,55.7
YGL158W,0.4
YGL157W,59.8
YGL155W,16.2
YGL153W,19.1
YGL146C,1.1
YGL145W,13.3
YGL143C,10
YGL142C,10
YGL137W,218.3
YGL136C,1.9
YGL134W,2.9
YGL131C,2.7
YGL130W,29.4
YGL129C,19.2
YGL128C,6.4
YGL126W,23
YGL120C,116.1
YGL117W,19.8
YGL116W,12.9
YGL113W,3.1
YGL112C,43.3
YGL100W,62.1
YGL099W,73.2
YGL097W,90.7
YGL095C,15.7
YGL094C,9.2
YGL092W,32.2
YGL090W,1.8
YGL085W,4.6
YGL084C,28.1
YGL082W,29.1
YGL081W,1.1
YGL078C,105.7
YGL077C,45.1
YGL075C,4.3
YGL067W,34.4
YGL065C,30.1
YGL063W,1.8
YGL061C,16.1
YGL059W,3.8
YGL057C,11.2
YGL056C,33.6
YGL050W,20.9
YGL048C,129.1
YGL045W,2.7
YGL044C,28.2
YGL043W,72
YGL040C,108.5
YGL039W,59.3
YGL038C,26.9
YGL035C,24.7
YGL028C,82.8
YGL027C,53.9
YGL026C,388.2
YGL020C,56.9
YGL014W,32
YGL011C,222.7
YGL009C,755.1
YGL005C,15.2
YGL004C,14.9
YGL001C,95.7
YGR002C,11.7
YGR004W,11.9
YGR006W,12.3
YGR007W,37.2
YGR009C,19.9
YGR012W,29.8
YGR014W,26.8
YGR015C,5.5
YGR017W,37
YGR021W,7.1
YGR023W,4.1
YGR024C,23.8
YGR028W,11.3
YGR040W,12.1
YGR043C,5.2
YGR044C,43.5
YGR048W,28.9
YGR052W,0.6
YGR053C,3
YGR054W,116.2
YGR055W,85.8
YGR056W,12.9
YGR057C,7.6
YGR058W,15.4
YGR059W,0.1
YGR060W,433.1
YGR061C,189.6
YGR062C,5.6
YGR065C,15
YGR067C,0.5
YGR070W,0.3
YGR071C,5.3
YGR072W,19.7
YGR075C,7.4
YGR077C,8.3
YGR080W,40.8
YGR083C,55.9
YGR084C,22.8
YGR086C,557.3
YGR088W,1.6
YGR093W,20.2
YGR096W,2.2
YGR098C,3.4
YGR101W,15.1
YGR103W,155.5
YGR106C,305.2
YGR108W,15.2
YGR110W,1.3
YGR111W,23.7
YGR113W,17.7
YGR117C,25.2
YGR119C,35.2
YGR120C,11.8
YGR121C,2.3
YGR123C,70.7
YGR126W,9.5
YGR127W,3.9
YGR128C,56.8
YGR132C,103.8
YGR135W,177.3
YGR136W,101.7
YGR142W,25
YGR144W,1.2
YGR147C,35.7
YGR149W,8.3
YGR150C,5.6
YGR152C,38.2
YGR154C,0.1
YGR156W,14.7
YGR157W,65
YGR158C,47.3
YGR161C,34.1
YGR162W,159.5
YGR165W,23.8
YGR166W,9.7
YGR167W,176.5
YGR168C,4.9
YGR171C,6.2
YGR172C,82.4
YGR175C,276.3
YGR177C,12.8
YGR178C,65.5
YGR179C,8
YGR186W,42.6
YGR187C,71
YGR188C,2.2
YGR191W,50.8
YGR193C,50.5
YGR195W,48.9
YGR197C,7
YGR198W,13.5
YGR199W,18.1
YGR200C,61.9
YGR202C,28.6
YGR204W,237.4
YGR207C,82.3
YGR208W,55.4
YGR210C,39.8
YGR212W,2.5
YGR213C,0.6
YGR216C,8.7
YGR218W,73.6
YGR220C,43.8
YGR223C,9.8
YGR224W,0.4
YGR225W,0.4
YGR227W,19.1
YGR229C,58.3
YGR231C,121
YGR232W,79.6
YGR233C,21
YGR234W,717.8
YGR235C,46.5
YGR237C,9
YGR240C,556.2
YGR244C,62.3
YGR245C,56.5
YGR246C,16.5
YGR247W,24.1
YGR248W,1.2
YGR249W,0.2
YGR252W,15.7
YGR253C,229.1
YGR256W,2.3
YGR266W,24.2
YGR267C,84.4
YGR271C-A,47.8
YGR276C,30.8
YGR277C,33.1
YGR278W,7.1
YGR286C,25.6
YGR289C,0.3
YHL047C,6.7
YHL044W,4.4
YHL039W,38.8
YHL036W,2
YHL035C,1.5
YHL032C,1.6
YHL028W,3.2
YHL026C,1.9
YHL025W,26.2
YHL024W,0.1
YHL022C,0.8
YHL021C,27.2
YHL020C,14.2
YHL019C,6.9
YHL017W,31.3
YHL016C,1.3
YHL014C,8.6
YHL011C,205.1
YHL010C,3.9
YHL009C,12.5
YHL002W,23.7
YHR001W,39
YHR002W,4.4
YHR003C,35.6
YHR004C,2.4
YHR006W,16.5
YHR009C,36.7
YHR011W,4.4
YHR012W,52.2
YHR013C,104.8
YHR016C,23.2
YHR017W,12.1
YHR018C,182.7
YHR022C,1.6
YHR024C,32.1
YHR025W,236.6
YHR029C,71.9
YHR030C,36.4
YHR031C,10
YHR033W,0.1
YHR034C,19.9
YHR036W,11
YHR037W,57.9
YHR038W,10.3
YHR039C,41.6
YHR040W,18
YHR042W,133.4
YHR045W,17.8
YHR046C,31.1
YHR048W,1.9
YHR049W,86.2
YHR061C,10.9
YHR062C,28.1
YHR063C,70.6
YHR064C,535.5
YHR065C,59.2
YHR067W,7
YHR068W,249.8
YHR069C,29.4
YHR070W,33.1
YHR071W,27.6
YHR072W,22.1
YHR074W,64.2
YHR075C,3.9
YHR076W,44.4
YHR078W,7
YHR080C,0.9
YHR083W,27.8
YHR084W,18.1
YHR085W,19.8
YHR091C,4.3
YHR098C,53.8
YHR103W,14
YHR104W,55.7
YHR106W,7.7
YHR107C,49.7
YHR108W,85.1
YHR109W,6.1
YHR111W,32.4
YHR112C,13.4
YHR113W,31.8
YHR117W,32.1
YHR123W,48
YHR127W,26.8
YHR129C,7.4
YHR131C,4.2
YHR132C,74
YHR133C,103.4
YHR134W,5.6
YHR137W,104.8
YHR140W,4.1
YHR143W,212.1
YHR144C,159
YHR146W,117.4
YHR150W,2.6
YHR151C,7.1
YHR154W,18.3
YHR156C,5.2
YHR160C,0.2
YHR161C,11.3
YHR165C,9.9
YHR169W,37.3
YHR171W,2.6
YHR177W,0.6
YHR181W,88.9
YHR183W,570.6
YHR185C,0.2
YHR188C,38.8
YHR192W,22.5
YHR195W,12.7
YHR196W,43.9
YHR197W,25.2
YHR199C,26.8
YHR205W,32.9
YHR206W,19.5
YHR208W,750.8
YHR209W,9.3
YHR210C,1.8
YIL162W,24.3
YIL160C,0.2
YIL155C,16.1
YIL154C,32.5
YIL153W,18.9
YIL152W,8
YIL151C,3.3
YIL150C,11.3
YIL146C,1.7
YIL145C,51.5
YIL144W,10.9
YIL142W,153.1
YIL140W,27.5
YIL137C,42.1
YIL136W,7.8
YIL131C,20.9
YIL130W,18.2
YIL128W,15.2
YIL126W,35.2
YIL125W,53.1
YIL124W,71.7
YIL123W,315.4
YIL121W,30.1
YIL120W,1.4
YIL118W,76.2
YIL117C,64.3
YIL115C,37.1
YIL110W,27.8
YIL108W,25.8
YIL106W,27.4
YIL104C,14.5
YIL103W,33.5
YIL101C,1.6
YIL099W,0.3
YIL097W,4.5
YIL096C,19.1
YIL094C,179.1
YIL092W,2.4
YIL091C,30.1
YIL084C,16.5
YIL083C,32.5
YIL079C,26.3
YIL077C,7.9
YIL076W,127.4
YIL075C,154.7
YIL073C,0.2
YIL072W,0.4
YIL071C,3
YIL070C,40.9
YIL068C,13.9
YIL067C,8.9
YIL061C,20.4
YIL055C,2.4
YIL050W,22.7
YIL046W,6.1
YIL045W,4.3
YIL044C,52.8
YIL039W,54.1
YIL038C,43.1
YIL037C,0.3
YIL036W,18.4
YIL035C,58
YIL034C,80.2
YIL030C,41.6
YIL023C,16.8
YIL022W,48.7
YIL020C,42.8
YIL019W,35.8
YIL015W,73.5
YIL013C,0.4
YIL006W,1.9
YIL005W,25.9
YIL003W,21.9
YIL002C,5.3
YIR002C,7.5
YIR003W,21.5
YIR004W,31.3
YIR006C,76.7
YIR008C,21.9
YIR010W,9.6
YIR011C,35.6
YIR014W,2.9
YIR016W,0.4
YIR018W,8.3
YIR021W,9.5
YIR023W,7.4
YIR026C,54.3
YIR027C,0.9
YIR028W,0.3
YIR029W,0.7
YIR030C,10.8
YIR031C,2.8
YIR034C,130.8
YIR036C,42.9
YIR038C,43.4
YIR042C,2.9
YJL216C,0.1
YJL214W,0.9
YJL212C,31.1
YJL210W,6.8
YJL208C,34.4
YJL207C,14.2
YJL206C,4.1
YJL200C,159.5
YJL194W,15.4
YJL193W,10.5
YJL192C,114.9
YJL186W,56.5
YJL185C,2.7
YJL180C,14
YJL176C,15.8
YJL174W,121.8
YJL172W,122.1
YJL171C,122.1
YJL167W,241.3
YJL165C,13.7
YJL164C,10.5
YJL163C,1.7
YJL162C,7.2
YJL160C,3.1
YJL155C,7.7
YJL153C,0.6
YJL146W,8.4
YJL139C,8.8
YJL137C,10.7
YJL133W,13.8
YJL132W,2.6
YJL130C,158
YJL129C,5.6
YJL128C,23.7
YJL127C,9.5
YJL126W,9
YJL125C,29.9
YJL123C,70.1
YJL116C,4.2
YJL111W,122.3
YJL110C,12.3
YJL109C,53.8
YJL105W,0.2
YJL103C,0.8
YJL102W,4.4
YJL101C,29.2
YJL100W,2.8
YJL092W,5.7
YJL091C,19.5
YJL088W,3.4
YJL081C,24.3
YJL079C,70.4
YJL078C,60.7
YJL071W,4.6
YJL070C,4
YJL068C,63.7
YJL066C,22.7
YJL063C,36.7
YJL062W,20.2
YJL061W,25.7
YJL060W,54.6
YJL059W,7
YJL058C,4.3
YJL057C,3.4
YJL055W,75.8
YJL053W,21.7
YJL051W,6.9
YJL050W,72.4
YJL048C,5.7
YJL047C,5.1
YJL045W,0.4
YJL044C,18.5
YJL043W,0.4
YJL041W,90.5
YJL036W,16
YJL034W,442.2
YJL033W,42.8
YJL031C,26.7
YJL025W,2.6
YJL023C,3.2
YJL020C,54.2
YJL014W,184.7
YJL013C,10.2
YJL012C,304.6
YJL010C,32.4
YJL008C,152.3
YJL005W,6.4
YJL002C,135.7
YJR001W,42
YJR002W,57.3
YJR003C,14.8
YJR004C,0.2
YJR005W,15.2
YJR008W,3.3
YJR010W,15.8
YJR011C,7.8
YJR013W,16.1
YJR015W,51
YJR019C,9.7
YJR024C,54.1
YJR030C,6.7
YJR035W,4.1
YJR036C,1
YJR039W,2
YJR042W,30.2
YJR046W,16.4
YJR049C,17.1
YJR051W,26.1
YJR052W,701.5
YJR054W,4.9
YJR056C,16.4
YJR060W,51.4
YJR061W,0.2
YJR062C,12.9
YJR064W,192.1
YJR068W,39.5
YJR072C,75.5
YJR075W,88.6
YJR076C,74
YJR078W,3.6
YJR083C,11.4
YJR088C,85.7
YJR089W,4.8
YJR091C,15.9
YJR092W,21.5
YJR093C,16.1
YJR094C,7.5
YJR095W,0.6
YJR096W,11.7
YJR098C,3.6
YJR099W,25.6
YJR101W,61.7
YJR103W,35.8
YJR105W,437.4
YJR106W,4.4
YJR113C,35.2
YJR116W,14.2
YJR119C,3
YJR121W,321.6
YJR122W,5.8
YJR124C,27.9
YJR125C,79.4
YJR130C,10.4
YJR132W,20.3
YJR135C,6.2
YJR139C,539.2
YJR141W,8.2
YJR142W,34
YJR144W,63.3
YJR150C,0.5
YJR153W,0.3
YJR154W,0.6
YKL222C,0.8
YKL221W,0.1
YKL217W,0.7
YKL215C,20.6
YKL212W,120.2
YKL211C,77.9
YKL210W,305.7
YKL209C,36.3
YKL207W,112.3
YKL206C,35.9
YKL205W,23.5
YKL204W,31.4
YKL203C,6
YKL198C,6.1
YKL195W,62.4
YKL194C,9.2
YKL193C,29.8
YKL191W,46
YKL189W,10.7
YKL188C,0.5
YKL187C,0.1
YKL185W,40.1
YKL184W,101.6
YKL183W,30.4
YKL182W,335.7
YKL179C,26.3
YKL175W,48.3
YKL174C,17.1
YKL173W,13.8
YKL172W,117.5
YKL168C,5.6
YKL166C,28.8
YKL165C,25.3
YKL162C,2.9
YKL161C,4
YKL155C,9.6
YKL150W,59.3
YKL149C,8.2
YKL148C,17.1
YKL145W,213.7
YKL143W,45.3
YKL140W,15.9
YKL139W,13.7
YKL135C,26.5
YKL133C,1.8
YKL132C,0.6
YKL130C,40.8
YKL126W,65.2
YKL124W,5.8
YKL114C,47.7
YKL113C,42.7
YKL110C,39.4
YKL107W,0.3
YKL104C,113.4
YKL103C,38.6
YKL100C,35.8
YKL098W,6.5
YKL096W,378.2
YKL095W,10.3
YKL093W,0.4
YKL091C,14.1
YKL089W,7.3
YKL088W,17.5
YKL085W,83.8
YKL082C,47.4
YKL079W,11.7
YKL078W,17.2
YKL077W,144.1
YKL075C,11.3
YKL073W,33.4
YKL072W,8.7
YKL057C,23.5
YKL055C,5.2
YKL054C,159.5
YKL052C,17.2
YKL049C,21.6
YKL048C,4
YKL047W,20.1
YKL045W,15.5
YKL042W,18.3
YKL040C,92.2
YKL034W,13.3
YKL033W-A,122.8
YKL033W,5.8
YKL032C,33.9
YKL029C,125.5
YKL025C,27.3
YKL023W,12.8
YKL019W,32.4
YKL018W,25.6
YKL017C,6.7
YKL014C,28.1
YKL011C,6.2
YKL010C,18.6
YKL009W,175.1
YKL008C,72
YKL002W,50.6
YKR001C,120.6
YKR002W,28
YKR005C,0.2
YKR006C,40.4
YKR008W,33.5
YKR013W,166.6
YKR016W,16.1
YKR017C,4.4
YKR018C,80.7
YKR019C,5.5
YKR022C,6.6
YKR023W,10.3
YKR025W,58.1
YKR026C,54.6
YKR028W,21.7
YKR029C,10.7
YKR030W,32.6
YKR036C,9.7
YKR037C,15.8
YKR041W,61.5
YKR043C,223.3
YKR046C,23.4
YKR048C,199
YKR050W,0.5
YKR051W,5.1
YKR053C,0.9
YKR055W,15.3
YKR058W,0.8
YKR060W,31.9
YKR061W,1.8
YKR062W,40.6
YKR063C,8.2
YKR066C,105.2
YKR067W,20.5
YKR069W,5.2
YKR070W,45.6
YKR071C,93.5
YKR075C,10.3
YKR077W,17.5
YKR079C,13.8
YKR080W,100
YKR081C,118.8
YKR082W,35.5
YKR084C,48
YKR088C,38.7
YKR090W,14.8
YKR091W,11.7
YKR093W,151
YKR096W,6.2
YKR097W,0.7
YKR099W,7.4
YKR100C,21
YLL063C,3.2
YLL062C,13.9
YLL061W,20.8
YLL060C,1.7
YLL057C,0.5
YLL056C,0.3
YLL055W,0.3
YLL043W,29.5
YLL041C,33
YLL040C,17.9
YLL038C,13.3
YLL034C,37.2
YLL029W,32.8
YLL028W,17.7
YLL027W,31.6
YLL026W,141.9
YLL023C,44.5
YLL021W,34.4
YLL019C,4.4
YLL018C,444.4
YLL015W,14.3
YLL013C,24.5
YLL012W,12.2
YLL008W,67.3
YLL006W,14.3
YLL002W,5.4
YLL001W,34.9
YLR002C,34.3
YLR004C,1.6
YLR005W,19.8
YLR006C,8.8
YLR019W,24.9
YLR020C,18.2
YLR022C,57.5
YLR024C,4.8
YLR025W,72.3
YLR026C,28.6
YLR027C,429.9
YLR028C,109.5
YLR030W,0.9
YLR033W,22.8
YLR045C,17.1
YLR049C,20.2
YLR052W,27.8
YLR054C,0.7
YLR055C,22
YLR060W,284.4
YLR064W,35.9
YLR069C,18.1
YLR071C,14.7
YLR072W,9.9
YLR078C,42.9
YLR079W,40.2
YLR082C,8.6
YLR085C,10.5
YLR088W,35.9
YLR089C,70
YLR090W,21
YLR091W,5
YLR092W,1
YLR093C,56.3
YLR097C,8.4
YLR099C,11.6
YLR100W,127.9
YLR102C,12.8
YLR103C,7.1
YLR105C,5.9
YLR113W,78.7
YLR114C,21.4
YLR117C,10.5
YLR118C,56.6
YLR120C,40.3
YLR126C,22.2
YLR129W,46
YLR131C,11.1
YLR132C,6.1
YLR133W,21.3
YLR136C,22.3
YLR137W,8.4
YLR139C,5.4
YLR141W,3.2
YLR148W,13.3
YLR149C,0.9
YLR151C,8.3
YLR152C,1.8
YLR153C,218.7
YLR163C,30.7
YLR165C,3.5
YLR172C,153.9
YLR173W,5.6
YLR174W,0.5
YLR175W,310.3
YLR177W,3.3
YLR181C,20.2
YLR182W,16.4
YLR183C,28.4
YLR186W,93.2
YLR187W,13.7
YLR188W,18.3
YLR195C,76.6
YLR196W,91
YLR197W,410.4
YLR199C,41.1
YLR205C,5.9
YLR206W,24
YLR209C,44.4
YLR212C,23.5
YLR215C,16.3
YLR216C,312.2
YLR220W,47.5
YLR222C,55.3
YLR224W,8.3
YLR225C,40.6
YLR226W,13.3
YLR227C,1.8
YLR231C,56.2
YLR233C,1.6
YLR234W,3.1
YLR238W,6.5
YLR239C,14.8
YLR240W,8.3
YLR241W,14.3
YLR243W,34
YLR246W,12.1
YLR247C,9.3
YLR248W,35.4
YLR253W,10.6
YLR257W,111.7
YLR258W,14.2
YLR263W,0.4
YLR266C,2.8
YLR267W,3.1
YLR270W,39.6
YLR271W,3.8
YLR273C,1.4
YLR274W,24.3
YLR276C,51.9
YLR286C,478.3
YLR287C,32.3
YLR288C,3.9
YLR290C,12.5
YLR291C,59.4
YLR298C,16.3
YLR299W,18.8
YLR304C,392.6
YLR312C,0.6
YLR312W-A,30.5
YLR313C,1.9
YLR314C,124
YLR316C,15.2
YLR318W,1
YLR320W,0.9
YLR323C,16
YLR326W,12
YLR328W,37
YLR330W,73.4
YLR332W,34.7
YLR335W,491.3
YLR336C,24.7
YLR337C,26.1
YLR340W,3325.5
YLR343W,0.1
YLR348C,86.3
YLR351C,80
YLR352W,5.2
YLR353W,5.1
YLR354C,333
YLR355C,2023.2
YLR359W,189.8
YLR361C,9.8
YLR362W,13
YLR371W,7.1
YLR373C,10.6
YLR377C,1.2
YLR380W,56.5
YLR381W,3.3
YLR383W,5.7
YLR384C,0.8
YLR386W,13.4
YLR387C,53
YLR390W-A,629.8
YLR393W,14.4
YLR396C,11.5
YLR399C,48.4
YLR401C,33.7
YLR403W,16.6
YLR404W,7.7
YLR405W,15.2
YLR407W,20.6
YLR409C,55.6
YLR410W,61.9
YLR413W,196.5
YLR414C,56.5
YLR418C,32.5
YLR419W,10.8
YLR420W,115.9
YLR423C,3.7
YLR426W,10.4
YLR429W,92.2
YLR431C,1.9
YLR433C,25.9
YLR439W,25.1
YLR440C,21
YLR446W,2.2
YLR447C,357.1
YLR449W,129.8
YLR450W,20.5
YLR452C,35.7
YLR453C,0.9
YLR457C,5.7
YLR459W,28.8
YML130C,64.8
YML125C,174.8
YML121W,29.7
YML119W,14.1
YML118W,0.6
YML116W,17.8
YML115C,44.1
YML114C,10.6
YML113W,21.6
YML112W,15.8
YML110C,85.5
YML107C,7.4
YML106W,261
YML103C,30.6
YML100W,9.4
YML096W,13.2
YML092C,211.4
YML088W,21.4
YML087C,1.5
YML086C,87.9
YML082W,15.8
YML081W,6.5
YML080W,24.6
YML075C,22.2
YML070W,99
YML069W,94.5
YML067C,62.6
YML064C,24.5
YML060W,19.9
YML057W,29
YML054C,0.3
YML051W,4.9
YML050W,3.7
YML048W,152.8
YML046W,10.5
YML042W,0.5
YML037C,4.5
YML035C,42.2
YML034W,16.1
YML032C,14.2
YML027W,19.5
YML025C,30.7
YML023C,4.4
YML021C,28.2
YML020W,5.9
YML019W,41.5
YML017W,38
YML016C,19.6
YML015C,12.4
YML014W,45.9
YML010W,87.1
YML007W,35.9
YML006C,9.7
YML004C,180.3
YML003W,3.8
YML002W,0.4
YMR001C,24.7
YMR005W,29
YMR010W,25.4
YMR014W,33.8
YMR015C,89.8
YMR017W,0.8
YMR021C,11.5
YMR023C,24.9
YMR026C,8.3
YMR027W,68.3
YMR028W,12.2
YMR029C,24.8
YMR032W,9.7
YMR033W,45.4
YMR034C,2
YMR036C,7.9
YMR038C,172.3
YMR039C,51.6
YMR043W,26.8
YMR044W,25.9
YMR047C,27.7
YMR048W,14.6
YMR049C,75.3
YMR053C,0.7
YMR055C,3.6
YMR056C,1.6
YMR058W,273.6
YMR061W,19.7
YMR062C,105.9
YMR063W,7.1
YMR064W,5.8
YMR065W,0.5
YMR066W,4.3
YMR067C,34.6
YMR068W,2.6
YMR075W,8.7
YMR078C,9.9
YMR080C,37.5
YMR081C,0.3
YMR083W,312.1
YMR087W,6.4
YMR089C,26.9
YMR090W,6.3
YMR091C,69.8
YMR092C,85.5
YMR096W,3.6
YMR097C,11.1
YMR101C,0.1
YMR105C,5.5
YMR108W,396.9
YMR110C,27.5
YMR119W,10.3
YMR120C,129.2
YMR125W,69.6
YMR126C,4.1
YMR127C,6.3
YMR130W,29.1
YMR131C,105.6
YMR133W,0.2
YMR134W,26.8
YMR135C,9.6
YMR136W,8.1
YMR139W,17.6
YMR140W,15.9
YMR145C,104.2
YMR146C,282.8
YMR149W,135.1
YMR152W,51.3
YMR155W,8.5
YMR156C,6.2
YMR160W,4.1
YMR163C,3.6
YMR167W,6.9
YMR177W,8.4
YMR178W,69.3
YMR180C,5.7
YMR183C,123.6
YMR185W,9.3
YMR187C,5.1
YMR188C,30.7
YMR191W,25.2
YMR192W,12.5
YMR193W,27
YMR196W,5.4
YMR199W,19
YMR200W,85.8
YMR201C,7.3
YMR204C,4.6
YMR208W,51.9
YMR209C,17.2
YMR210W,8.7
YMR211W,8.1
YMR212C,29
YMR213W,11.6
YMR215W,103.3
YMR216C,22
YMR220W,39.2
YMR221C,38.8
YMR223W,14
YMR224C,5.8
YMR226C,286.8
YMR227C,14.5
YMR228W,15
YMR232W,0.3
YMR234W,10.3
YMR237W,62
YMR238W,40.2
YMR239C,19.9
YMR240C,7.4
YMR241W,165.1
YMR251W,0.6
YMR253C,8.9
YMR257C,1.3
YMR261C,42.6
YMR262W,10.6
YMR267W,23.1
YMR270C,8.8
YMR271C,0.9
YMR272C,59.2
YMR273C,6.7
YMR274C,11
YMR276W,259.2
YMR279C,0.4
YMR280C,0.5
YMR281W,17.4
YMR283C,6.1
YMR285C,22.9
YMR287C,5
YMR289W,15.9
YMR291W,20.2
YMR293C,3.3
YMR294W,6.5
YMR296C,62.9
YMR299C,7.9
YMR300C,81.1
YMR301C,18.1
YMR306W,0.1
YMR307W,645.9
YMR308C,63.8
YMR312W,26.2
YMR313C,12.9
YMR314W,169.5
YMR315W,89.6
YMR316W,7.1
YMR317W,0.7
YMR319C,32
YNL327W,126.2
YNL326C,8.4
YNL322C,140.5
YNL320W,18.7
YNL317W,11.3
YNL316C,17.8
YNL314W,6.4
YNL309W,9.5
YNL308C,67.6
YNL307C,90.2
YNL299W,11.5
YNL295W,9.2
YNL293W,6.9
YNL292W,37.5
YNL290W,44.6
YNL289W,41.6
YNL288W,30.2
YNL287W,140.2
YNL286W,11.3
YNL283C,15.1
YNL280C,63.1
YNL279W,0.6
YNL277W,7.3
YNL275W,7.4
YNL274C,10.7
YNL273W,5.5
YNL272C,13.9
YNL264C,36.9
YNL263C,69
YNL258C,14.7
YNL257C,5.2
YNL256W,20.1
YNL251C,41.8
YNL250W,4.4
YNL248C,126.2
YNL247W,121.8
YNL246W,31.6
YNL243W,68.4
YNL241C,187.6
YNL240C,23.2
YNL239W,71.9
YNL238W,19
YNL237W,1.9
YNL234W,3.7
YNL233W,11.7
YNL231C,77.3
YNL227C,14.4
YNL224C,14.4
YNL223W,4.1
YNL221C,13.3
YNL219C,35.3
YNL218W,7.8
YNL217W,43.2
YNL216W,39
YNL215W,31.4
YNL207W,59.3
YNL206C,21.9
YNL202W,2.2
YNL200C,12.7
YNL197C,31.1
YNL195C,3.4
YNL193W,10.5
YNL191W,21.1
YNL189W,167.4
YNL188W,6
YNL187W,1.4
YNL183C,11.5
YNL182C,30.5
YNL180C,28.2
YNL178W,3747.2
YNL177C,27.2
YNL175C,87.2
YNL173C,37
YNL168C,45.2
YNL167C,9.8
YNL166C,37.4
YNL164C,15.4
YNL163C,28
YNL160W,4.4
YNL159C,18.7
YNL155W,61.1
YNL152W,10.3
YNL151C,46.4
YNL148C,31.9
YNL144C,0.6
YNL142W,3.5
YNL141W,72.5
YNL138W,154.7
YNL137C,29.8
YNL136W,11.2
YNL134C,53.8
YNL129W,30
YNL128W,2
YNL126W,7.7
YNL125C,7.1
YNL123W,59.9
YNL121C,134.5
YNL119W,19.3
YNL118C,32.5
YNL108C,58.7
YNL107W,12.7
YNL103W,14.9
YNL102W,19.8
YNL101W,10.7
YNL100W,27.7
YNL092W,1.1
YNL088W,26
YNL087W,35.8
YNL084C,76.7
YNL082W,9.4
YNL080C,14.1
YNL078W,19.9
YNL077W,8.4
YNL075W,65.7
YNL074C,38.4
YNL073W,8.2
YNL072W,25.1
YNL068C,10.7
YNL064C,642.6
YNL063W,7.5
YNL062C,47.9
YNL061W,88.4
YNL059C,26.5
YNL053W,6.9
YNL051W,12.8
YNL050C,20.9
YNL048W,18.2
YNL047C,6.6
YNL042W,3.1
YNL040W,12.1
YNL039W,15.4
YNL038W,15.5
YNL037C,175
YNL035C,408.3
YNL029C,3.2
YNL027W,13.4
YNL026W,19.1
YNL025C,5.6
YNL024C,4.8
YNL020C,5.9
YNL012W,0.7
YNL011C,7.1
YNL009W,1.5
YNL008C,11
YNL007C,268.6
YNL006W,26
YNL005C,32.8
YNL003C,12.5
YNL001W,43.5
YNR001C,101.4
YNR002C,0.9
YNR003C,30
YNR007C,13
YNR008W,27.2
YNR009W,22.6
YNR011C,8.3
YNR012W,22.3
YNR015W,30.8
YNR016C,179.8
YNR021W,141.8
YNR026C,27.2
YNR029C,19.4
YNR030W,37.7
YNR032W,12.3
YNR034W,19.8
YNR035C,127.2
YNR038W,37.5
YNR039C,11.9
YNR040W,14.6
YNR043W,190.9
YNR048W,7.3
YNR050C,162.7
YNR051C,45.4
YNR052C,32.2
YNR053C,107
YNR057C,1.7
YNR058W,0.1
YNR059W,2.7
YNR060W,0.7
YNR062C,0.6
YNR063W,3.7
YNR064C,1
YNR067C,72.8
YNR069C,0.1
YNR070W,0.2
YNR074C,13.7
YNR075W,2.7
YOL164W,0.5
YOL158C,42.8
YOL154W,1.6
YOL152W,14.5
YOL151W,79.6
YOL149W,59.3
YOL147C,52.1
YOL144W,21.8
YOL136C,14.1
YOL132W,0.2
YOL126C,49.7
YOL125W,13.6
YOL123W,119.1
YOL119C,34.5
YOL117W,3
YOL116W,11.8
YOL113W,1.9
YOL112W,4.7
YOL110W,9.8
YOL102C,28
YOL101C,10.7
YOL100W,4.7
YOL097C,185.6
YOL096C,14.4
YOL095C,4.8
YOL094C,31.1
YOL093W,33.9
YOL091W,1.5
YOL090W,33.7
YOL084W,0.1
YOL083W,2
YOL082W,6.8
YOL080C,24.3
YOL077C,152.7
YOL076W,35
YOL073C,13.3
YOL072W,8.1
YOL070C,34.9
YOL068C,9.2
YOL066C,13.1
YOL065C,19.3
YOL064C,90
YOL061W,112.9
YOL060C,16.6
YOL058W,50.8
YOL057W,37.4
YOL056W,24.9
YOL053W,7.5
YOL052C,47.9
YOL049W,56.5
YOL047C,1.1
YOL043C,2.4
YOL041C,85.1
YOL038W,191.8
YOL034W,4.8
YOL033W,5.9
YOL031C,21.1
YOL030W,157.8
YOL025W,23.2
YOL022C,39.2
YOL019W,23.1
YOL017W,6.2
YOL016C,24.3
YOL015W,0.1
YOL013C,9
YOL010W,40
YOL006C,22.4
YOL004W,35.9
YOL003C,15.1
YOL002C,44.4
YOL001W,2.4
YOR004W,58.4
YOR005C,2
YOR008C,44.9
YOR009W,0.9
YOR011W,1.7
YOR014W,34.6
YOR017W,6.3
YOR018W,8.9
YOR019W,0.6
YOR025W,22.4
YOR026W,11.6
YOR028C,8.5
YOR030W,4.6
YOR037W,7.2
YOR038C,10.8
YOR039W,48.1
YOR040W,7.4
YOR042W,42
YOR046C,135.4
YOR047C,13.5
YOR048C,34.6
YOR049C,2.1
YOR054C,5.5
YOR056C,47.9
YOR059C,7.7
YOR062C,8
YOR063W,3618.2
YOR065W,20.2
YOR066W,13.1
YOR067C,35.6
YOR070C,9.8
YOR073W,8
YOR074C,55.7
YOR076C,9.2
YOR077W,17.3
YOR080W,3.8
YOR084W,0.9
YOR086C,36
YOR087W,109.4
YOR090C,19.9
YOR092W,11
YOR093C,5.5
YOR099W,156.8
YOR100C,0.3
YOR101W,49.7
YOR107W,1.1
YOR110W,14.6
YOR111W,18.8
YOR112W,18.5
YOR115C,29.3
YOR117W,148.4
YOR120W,2.1
YOR123C,36.7
YOR124C,24.3
YOR125C,23.6
YOR126C,28.5
YOR128C,73.4
YOR129C,2.3
YOR130C,21.7
YOR132W,21
YOR134W,0.2
YOR137C,1.7
YOR141C,25.3
YOR142W,139.2
YOR143C,18.8
YOR149C,7.1
YOR151C,89.3
YOR155C,24.4
YOR161C,12.1
YOR162C,2.1
YOR164C,87.1
YOR165W,45.3
YOR168W,259.3
YOR172W,3.4
YOR173W,1
YOR174W,13.6
YOR175C,48
YOR176W,103.3
YOR177C,1.4
YOR180C,0.6
YOR187W,143.7
YOR190W,0.9
YOR193W,46.5
YOR194C,39.8
YOR195W,18
YOR197W,136.8
YOR204W,409.4
YOR205C,5.3
YOR206W,57
YOR207C,44
YOR208W,2.9
YOR209C,125.6
YOR212W,37.2
YOR213C,12.2
YOR216C,24.2
YOR217W,28.7
YOR220W,29
YOR227W,4.6
YOR228C,6
YOR229W,18.1
YOR231W,11.7
YOR232W,197.3
YOR237W,1.5
YOR238W,19.9
YOR239W,77.8
YOR242C,0.1
YOR243C,65.5
YOR245C,10
YOR246C,28.2
YOR249C,5.7
YOR250C,19.5
YOR251C,72
YOR254C,121
YOR259C,158.7
YOR261C,134.9
YOR262W,25.2
YOR264W,37.8
YOR266W,5.8
YOR267C,17
YOR269W,4.1
YOR272W,84.9
YOR273C,4.9
YOR274W,10.7
YOR279C,10.7
YOR281C,47.1
YOR283W,56.6
YOR284W,8.6
YOR287C,23.4
YOR288C,23.5
YOR289W,6.7
YOR291W,8.6
YOR296W,4.8
YOR298W,0.3
YOR299W,11
YOR305W,8.8
YOR307C,14.7
YOR310C,315.5
YOR311C,50.3
YOR313C,0.7
YOR315W,42.9
YOR317W,89.1
YOR320C,25.5
YOR321W,20.7
YOR323C,255.7
YOR324C,6
YOR326W,47.9
YOR328W,0.1
YOR332W,663.5
YOR335C,314.6
YOR336W,12.2
YOR337W,6.8
YOR338W,0.1
YOR340C,115.8
YOR342C,23.4
YOR344C,14.3
YOR346W,7.7
YOR347C,16.6
YOR348C,0.2
YOR352W,9.9
YOR354C,18.2
YOR355W,42
YOR358W,4.1
YOR363C,3.6
YOR370C,36.9
YOR371C,8.6
YOR373W,10.8
YOR378W,1.7
YOR380W,1.4
YOR384W,0.4
YPL274W,39.9
YPL269W,2.3
YPL268W,3.4
YPL266W,75.8
YPL265W,78.1
YPL263C,52.6
YPL262W,108.6
YPL260W,52
YPL259C,21.8
YPL258C,0.2
YPL256C,43.3
YPL253C,8.2
YPL248C,0.3
YPL246C,64.7
YPL245W,28.2
YPL244C,15.1
YPL241C,12.5
YPL237W,311.2
YPL236C,7.1
YPL235W,79.2
YPL232W,58.5
YPL231W,304.6
YPL230W,0.4
YPL226W,172.8
YPL221W,17.4
YPL217C,45.7
YPL216W,2.2
YPL215W,28.7
YPL214C,7.8
YPL213W,16.7
YPL212C,55.4
YPL210C,50.8
YPL208W,19.7
YPL207W,32.9
YPL206C,51.8
YPL204W,50.5
YPL203W,16.4
YPL202C,13.5
YPL199C,46.1
YPL196W,22.9
YPL195W,28.2
YPL193W,9.6
YPL191C,7.3
YPL190C,45.3
YPL189W,0.3
YPL188W,26.4
YPL186C,0.7
YPL183C,24.9
YPL180W,10.3
YPL179W,14.3
YPL177C,43.2
YPL176C,15.2
YPL175W,11.1
YPL174C,1.7
YPL173W,25.2
YPL172C,5.9
YPL171C,0.3
YPL169C,50.7
YPL168W,5.3
YPL167C,0.5
YPL165C,0.3
YPL164C,1.5
YPL163C,130.4
YPL159C,22
YPL157W,20.9
YPL156C,8.6
YPL150W,6.4
YPL149W,4.8
YPL147W,0.7
YPL146C,43.3
YPL145C,130.3
YPL141C,8.5
YPL140C,7.6
YPL139C,23.6
YPL137C,16
YPL134C,4.9
YPL133C,7
YPL132W,13.6
YPL129W,86.1
YPL128C,22.6
YPL127C,106.4
YPL126W,75.4
YPL125W,17.7
YPL124W,7.9
YPL122C,15.7
YPL120W,6
YPL119C,3.5
YPL118W,49.6
YPL117C,174.1
YPL112C,37.1
YPL111W,210.1
YPL109C,3.1
YPL107W,14.4
YPL104W,5.2
YPL103C,9.8
YPL101W,34.4
YPL100W,15.4
YPL093W,117.2
YPL091W,141.2
YPL089C,7.8
YPL088W,4.6
YPL087W,24.8
YPL086C,62.5
YPL085W,35.2
YPL084W,24.2
YPL078C,117.2
YPL077C,7.6
YPL076W,7.3
YPL072W,3.3
YPL069C,11.6
YPL068C,16.6
YPL065W,13.1
YPL064C,10.7
YPL063W,94.5
YPL061W,1466.4
YPL060W,3.3
YPL058C,28.1
YPL057C,17.2
YPL055C,16.9
YPL054W,0.7
YPL053C,52.4
YPL050C,87.1
YPL045W,8
YPL043W,64.5
YPL039W,6.9
YPL032C,43.4
YPL031C,41.1
YPL030W,27.7
YPL028W,433.4
YPL024W,7.8
YPL023C,33.2
YPL017C,1.1
YPL015C,24
YPL012W,79.9
YPL011C,12.9
YPL007C,10.3
YPL006W,13.2
YPL004C,275.7
YPL003W,5.3
YPL002C,11.5
YPL001W,21.5
YPR001W,0.5
YPR002W,4.3
YPR004C,68.8
YPR005C,1
YPR008W,13.3
YPR009W,8.2
YPR010C,147.5
YPR011C,14.2
YPR013C,0.6
YPR015C,2
YPR018W,11.2
YPR023C,35.3
YPR024W,51.3
YPR025C,14
YPR026W,1.6
YPR027C,0.4
YPR029C,28.7
YPR030W,0.3
YPR034W,44.9
YPR036W,241.3
YPR040W,17.2
YPR041W,288.4
YPR045C,27.7
YPR047W,5
YPR054W,0.5
YPR057W,7.9
YPR058W,53.8
YPR061C,3.3
YPR065W,35.3
YPR066W,8.7
YPR068C,12.4
YPR072W,40
YPR074C,555
YPR078C,0.3
YPR079W,15.7
YPR085C,3.2
YPR086W,66.7
YPR088C,135.4
YPR089W,15
YPR091C,17.3
YPR103W,237.4
YPR105C,10.4
YPR106W,14.5
YPR108W,106.3
YPR110C,222.3
YPR111W,8.1
YPR112C,49.8
YPR114W,40.5
YPR116W,5.6
YPR117W,0.3
YPR118W,84.2
YPR119W,23.1
YPR120C,11.3
YPR125W,26.5
YPR127W,22.4
YPR129W,73.5
YPR133C,40.3
YPR135W,16.2
YPR137W,34.8
YPR138C,6.2
YPR139C,29.3
YPR144C,34.9
YPR147C,24.3
YPR148C,54.8
YPR152C,7.9
YPR155C,8.6
YPR157W,0.4
YPR158W,24.1
YPR161C,23.4
YPR162C,8.7
YPR163C,480.8
YPR167C,7.3
YPR169W,35.7
YPR171W,14.1
YPR173C,36.6
YPR178W,10.1
YPR180W,19.7
YPR181C,145.5
YPR185W,6.3
YPR186C,10.5
YPR191W,74.7
YPR192W,0.7
YPR198W,16.9
YPR199C,11.1
YPR201W,0.6
