Codon,lower_adjacent,first_quartile,median_elongation_rate,third_quartile,upper_adjacent,mean_elongation_rate,sample_size
TGA,0.17,0.83,1.42,2.67,5.41,2.6,207
TAA,0.29,0.89,1.49,2.89,5.62,2.65,449
TAG,0.23,0.74,1.31,2.46,4.91,2.82,194
CGG,0.11,1.14,1.89,3.82,7.82,3.82,190
CGA,0.28,1.37,2.22,3.98,7.12,4.02,263
CCG,0.24,1.64,3.06,5.87,12.2,5.51,1162
ACG,0.37,2.2,3.62,6.53,12.98,6.02,2243
AGG,0.34,2.19,3.72,6.86,13.86,6.22,2531
TGG,0.26,2.32,4.05,7.56,15.36,6.57,4204
GGG,0.26,2.28,3.84,7.26,14.64,6.61,2165
GCG,0.44,2.38,3.84,7.52,15.22,6.74,2173
GCA,0.37,2.65,4.31,8.1,16.24,7.08,6571
CAG,0.36,2.53,4.2,8.25,16.74,7.15,3802
GGA,0.15,2.61,4.41,8.35,16.92,7.24,3267
GAG,0.21,2.89,4.71,8.62,17.22,7.32,7503
CGC,0.43,2.54,4.28,8.58,17.47,7.4,716
TCG,0.26,2.88,4.92,9.17,18.6,7.69,2445
ACA,0.26,2.93,5.03,9.49,19.33,7.74,5667
ATA,0.33,2.93,5.07,9.86,20.23,7.79,3557
GTG,0.21,2.99,4.96,9.51,19.27,7.84,4373
TGC,0.53,3.11,5.08,9.66,19.4,8.1,1152
CTG,0.39,2.9,5.14,10.28,21.34,8.21,3286
GGC,0.28,2.74,4.83,9.59,19.84,8.34,4086
AGC,0.23,3.2,5.43,10.34,21.04,8.5,2606
CCC,0.32,2.94,5.63,11.42,24.08,8.64,2078
AGA,0.32,3.5,6.01,11.02,22.28,8.82,9773
CTC,0.56,3.49,6.33,11.66,23.7,9.15,1175
GTA,0.38,4.01,6.78,13.03,26.45,9.75,3629
TCA,0.34,3.73,6.74,13.06,27.05,9.8,5371
GGT,0.17,3.99,6.88,12.7,25.77,9.82,15826
GAA,0.35,4.17,6.94,12.57,25.17,9.87,22061
GAC,0.4,4.07,6.75,12.61,25.39,9.87,9541
TAC,0.41,4.09,7.04,13.1,26.54,9.98,6997
CCA,0.15,3.65,6.82,13.58,28.44,10.02,9076
AAG,0.16,4.02,7.07,13.2,26.96,10.13,15475
GAT,0.16,4.38,7.39,13.34,26.75,10.23,15744
AGT,0.55,4.23,7.19,13.54,27.48,10.34,4262
CTA,0.27,4.13,7.19,13.71,28.04,10.34,4871
CGT,0.27,4.23,7.44,13.81,28.11,10.37,3590
CAT,0.41,4.17,7.34,13.92,28.51,10.39,4899
CCT,0.28,3.88,7.44,14.84,31.22,10.54,5597
CAC,0.59,4.15,7.37,14.15,29.09,10.61,3253
CTT,0.43,4.25,7.66,14.08,28.81,10.68,3473
AAA,0.37,4.46,7.97,14.73,30.13,10.95,15550
CAA,0.23,4.66,8.01,14.61,29.41,10.99,12018
ATG,0.36,4.71,8.02,14.57,29.33,11.03,7634
TAT,0.39,4.75,8.34,15.18,30.82,11.34,6648
TGT,0.57,5.08,8.7,15.71,31.67,11.8,3180
TTG,0.37,5.09,8.77,15.8,31.88,11.84,14025
GCT,0.4,5.31,9.11,16.33,32.83,12.17,12930
TTA,0.53,5.28,9.25,16.59,33.55,12.2,10478
TCC,0.32,5.29,9.38,17.07,34.74,12.42,6513
TTC,0.4,5.59,9.85,17.21,34.64,12.67,8924
AAT,0.27,5.69,9.81,17.31,34.75,12.67,10770
GTC,0.56,5.74,9.91,17.3,34.6,12.73,6728
AAC,0.57,5.65,9.9,17.53,35.34,12.76,10250
ATC,0.43,5.67,10,17.47,35.16,12.78,8655
TTT,0.22,5.78,10.16,17.76,35.72,12.97,9104
GCC,0.35,5.63,9.86,18.01,36.58,13.17,7557
ACT,0.22,6.04,10.57,18.4,36.88,13.32,9425
ACC,0.16,5.84,10.46,18.54,37.47,13.36,6217
GTT,0.38,6.35,10.67,18.01,35.48,13.36,12051
TCT,0.49,6.06,10.69,18.51,37.16,13.49,10472
ATT,0.23,6.39,11.3,19.2,38.37,13.96,13749