Codon,mean,median,sd,var,range,iqr,se,cv,n_unique_aa_misincroporations
AAA,0.0001023419,0.0000654593,0.0001236818,0.0000000153,0.0004323168,0.0001420745,0.0000299972,1.2085153,8
AAC,0.0001153746,0.0000140822,0.0004031502,0.0000001625,0.0021841450,0.0000122339,0.0000681448,3.4942708,9
AAG,0.0000618268,0.0000249945,0.0000884536,0.0000000078,0.0003713326,0.0000684490,0.0000161493,1.4306685,9
AAT,0.0001485691,0.0000079097,0.0005171781,0.0000002675,0.0023806600,0.0000179964,0.0001128575,3.4810608,6
ACA,0.0001528050,0.0000437503,0.0002550163,0.0000000650,0.0007953870,0.0001550039,0.0000850055,1.6689005,7
ACC,0.0000556807,0.0000371436,0.0000572458,0.0000000033,0.0002437780,0.0000457776,0.0000116853,1.0281088,8
ACG,0.0001002728,0.0000380504,0.0001516100,0.0000000230,0.0004495513,0.0000944163,0.0000536022,1.5119758,6
ACT,0.0000598258,0.0000243146,0.0000787968,0.0000000062,0.0003367678,0.0000821771,0.0000151645,1.3171045,9
AGA,0.0000303853,0.0000246526,0.0000298986,0.0000000009,0.0000943888,0.0000204453,0.0000105708,0.9839819,4
AGC,0.0005928539,0.0001750541,0.0010499630,0.0000011024,0.0051375410,0.0005324703,0.0001856091,1.7710324,7
AGG,0.0006224497,0.0007237636,0.0002091189,0.0000000437,0.0003796437,0.0001898218,0.0001207348,0.335961,1
AGT,0.0001147654,0.0000475037,0.0001558634,0.0000000243,0.0005345212,0.0001501395,0.0000469946,1.3581037,4
ATA,0.0003102455,0.0000560662,0.0006632694,0.0000004399,0.0027348700,0.0000982052,0.0001253461,2.1378855,9
ATC,0.0000310954,0.0000170564,0.0000344544,0.0000000012,0.0001362703,0.0000260322,0.0000061882,1.1080215,11
ATG,0.0005372117,0.0001357159,0.0015236940,0.0000023216,0.0108182500,0.0004068154,0.0002092954,2.8363002,12
ATT,0.0000535803,0.0000183293,0.0000978593,0.0000000096,0.0004459662,0.0000372872,0.0000175761,1.8264057,13
CAA,0.0001221708,0.0000129968,0.0003480436,0.0000001211,0.0013759520,0.0000155691,0.0000870109,2.8488275,10
CAC,0.0028240520,0.0000621793,0.0115964700,0.0001344782,0.0546697100,0.0005446842,0.0024723760,4.1063239,8
CAG,0.0000528126,0.0000241249,0.0000606533,0.0000000037,0.0001542591,0.0000571265,0.0000229248,1.1484626,8
CAT,0.0005352876,0.0001576139,0.0008948505,0.0000008008,0.0032487470,0.0004731669,0.0002109183,1.6717189,5
CCA,0.0000460949,0.0000196811,0.0000707528,0.0000000050,0.0003042671,0.0000431874,0.0000127076,1.534939,9
CCC,0.0000233507,0.0000115983,0.0000251241,0.0000000006,0.0000651227,0.0000231618,0.0000102569,1.075946,3
CCG,0.0000744328,0.0000400272,0.0000942773,0.0000000089,0.0002064116,0.0000781571,0.0000471386,1.2666101,3
CCT,0.0001817001,0.0000335188,0.0004663376,0.0000002175,0.0019537030,0.0000692180,0.0001131035,2.5665234,6
CGA,0.0014299720,0.0014299720,0.0005552597,0.0000003083,0.0007852558,0.0003926279,0.0003926279,0.388301,1
CGC,0.0038116840,0.0005346126,0.0072303570,0.0000522781,0.0206624200,0.0021301030,0.0025563170,1.896893,3
CGG,0.0034872240,0.0006997901,0.0047399010,0.0000224667,0.0110220600,0.0047731050,0.0021197480,1.3592188,2
CGT,0.0006215952,0.0000489151,0.0010019850,0.0000010040,0.0017412660,0.0008706330,0.0005784962,1.6119572,3
CTA,0.0000716179,0.0000329050,0.0000921655,0.0000000085,0.0003382448,0.0000852504,0.0000211442,1.2869058,9
CTC,0.0013613690,0.0005434783,0.0020602940,0.0000042448,0.0083645430,0.0018611990,0.0004726638,1.5133988,4
CTG,0.0000940131,0.0000462702,0.0001302904,0.0000000170,0.0003871655,0.0000577090,0.0000460646,1.3858752,6
CTT,0.0001634062,0.0000333023,0.0002247147,0.0000000505,0.0006976094,0.0002105687,0.0000677540,1.3751907,6
GAA,0.0000272661,0.0000136174,0.0000301090,0.0000000009,0.0001136823,0.0000326780,0.0000054077,1.104264,11
GAC,0.0000142153,0.0000067236,0.0000157150,0.0000000002,0.0000470925,0.0000164304,0.0000043586,1.1055011,7
GAG,0.0001593893,0.0000323997,0.0002847969,0.0000000811,0.0007634116,0.0000556785,0.0000900607,1.7868003,5
GAT,0.0000104721,0.0000058544,0.0000127072,0.0000000002,0.0000401999,0.0000075734,0.0000030819,1.2134337,8
GCA,0.0001774747,0.0000890750,0.0001991093,0.0000000396,0.0007938223,0.0002207373,0.0000310957,1.1219027,9
GCC,0.0002358635,0.0001161159,0.0002686448,0.0000000722,0.0012730620,0.0002833309,0.0000358992,1.1389842,10
GCG,0.0004708645,0.0001491990,0.0006443513,0.0000004152,0.0023541430,0.0005245709,0.0001217709,1.3684432,9
GCT,0.0003561310,0.0001680171,0.0004773271,0.0000002278,0.0025670750,0.0004030696,0.0000616227,1.3403134,13
GGA,0.0006358444,0.0003049465,0.0009723199,0.0000009454,0.0045572500,0.0006691052,0.0001403423,1.529179,9
GGC,0.0007731430,0.0002074915,0.0019528240,0.0000038135,0.0117731800,0.0003308920,0.0002818658,2.5258249,5
GGG,0.0003806670,0.0001280209,0.0005224410,0.0000002729,0.0018159860,0.0004032481,0.0001198562,1.3724358,6
GGT,0.0002152085,0.0000901578,0.0003566979,0.0000001272,0.0021005520,0.0002471960,0.0000472458,1.6574529,11
GTA,0.0009148058,0.0001925105,0.0014141110,0.0000019997,0.0046378820,0.0007575232,0.0002828222,1.5458048,9
GTC,0.0001239413,0.0000293997,0.0003836861,0.0000001472,0.0023256230,0.0000557193,0.0000630776,3.0957092,14
GTG,0.0002208225,0.0000222499,0.0003783422,0.0000001431,0.0010374680,0.0001586379,0.0000945856,1.7133318,8
GTT,0.0000911095,0.0000277005,0.0001508494,0.0000000228,0.0006020710,0.0000574684,0.0000254982,1.6556937,11
TAC,0.0000555343,0.0000251705,0.0000676917,0.0000000046,0.0002198175,0.0000749898,0.0000180914,1.2189168,5
TAT,0.0000835121,0.0000343489,0.0001107381,0.0000000123,0.0002893498,0.0000702465,0.0000452086,1.3260123,3
TCA,0.0001695579,0.0000343717,0.0003702921,0.0000001371,0.0013067210,0.0000650179,0.0001068941,2.1838685,7
TCC,0.0001631833,0.0000126586,0.0004161846,0.0000001732,0.0014993820,0.0000284620,0.0001074584,2.5504114,10
TCG,0.0000360530,0.0000314442,0.0000206008,0.0000000004,0.0000495462,0.0000268447,0.0000092130,0.5714025,4
TCT,0.0000429196,0.0000153094,0.0000757023,0.0000000057,0.0003322526,0.0000309710,0.0000169275,1.7638174,9
TGC,0.0044729640,0.0011332640,0.0063028740,0.0000397262,0.0148274100,0.0051042890,0.0022284020,1.4091045,2
TGG,0.0007108160,0.0001073589,0.0022168180,0.0000049143,0.0080749480,0.0001516944,0.0006148347,3.1186948,5
TGT,0.0047025440,0.0009920635,0.0104501100,0.0001092048,0.0350048700,0.0021959170,0.0031508270,2.2222252,4
TTA,0.0000634543,0.0000219976,0.0001132662,0.0000000128,0.0005003167,0.0000615002,0.0000253271,1.7850059,11
TTC,0.0000672273,0.0000129119,0.0000797739,0.0000000064,0.0001992132,0.0001349074,0.0000221253,1.1866303,6
TTG,0.0000479397,0.0000177143,0.0001046133,0.0000000109,0.0006056620,0.0000226885,0.0000176829,2.182183,13
TTT,0.0000689946,0.0000331713,0.0000798446,0.0000000064,0.0002320803,0.0000904333,0.0000252491,1.1572583,6