AA,Codon,Mean,Std.Dev,2.5%,97.5%
A,GCA,1.73826124873161,0.0171638970417599,1.70367231170336,1.77132868170738
A,GCC,1.326067953825,0.0155163062950396,1.29458953936895,1.35680564840635
A,GCG,1.54147128205299,0.0232454515654687,1.49726403752963,1.58954205016295
A,GCT,1.60397299547195,0.0144220759458591,1.5759327451388,1.63166443208853
C,TGC,1.70030012021065,0.035503538287455,1.63482463260492,1.77291436195374
C,TGT,1.58101596441269,0.0254174606385253,1.5310886412859,1.63181123336156
D,GAC,1.73914007124901,0.0159184198920901,1.70936392943064,1.77093648910522
D,GAT,1.71449689507484,0.0116369529205946,1.69232623875141,1.73787465790908
E,GAA,1.80958192605972,0.0114687635103417,1.78760291039944,1.83172156512737
E,GAG,1.87438174500465,0.0173054458433015,1.84140068093936,1.90784315764904
F,TTC,1.62298142161369,0.0170540767567291,1.59181618988514,1.65651781658332
F,TTT,1.5856989136219,0.0148820002944658,1.55717126627763,1.61546248793602
G,GGA,1.67296857786179,0.0203426211580902,1.63374872903029,1.71489076912403
G,GGC,1.43535633673668,0.016801389907666,1.40243075489998,1.47030077576637
G,GGG,1.57524356775284,0.0245498046450601,1.52349758446217,1.62358844379584
G,GGT,1.61136322131157,0.0129277312568109,1.58540838857492,1.63688957790534
H,CAC,1.54250336565971,0.0244982381881109,1.49719920059045,1.59388843576113
H,CAT,1.64735694108009,0.0190902165510837,1.61215485036373,1.68425233960152
I,ATA,1.43319776339531,0.0144451225900288,1.40677177906036,1.46193879842758
I,ATC,1.54187774448395,0.0162534777690216,1.5121597935756,1.57428199450175
I,ATT,1.54614432768822,0.01325248934248,1.52035335799058,1.5727853735288
K,AAA,1.36493198075294,0.00856729429669234,1.34854400157928,1.38164986471335
K,AAG,1.43029137616158,0.00971985306394348,1.41108702023824,1.44919660389423
L,CTA,1.57000569443703,0.0190160524162897,1.53454327483972,1.60800564289093
L,CTC,1.43976466903687,0.0276841563396559,1.38423257470131,1.49645133316517
L,CTG,1.4592034573555,0.0170936112420207,1.42691771090031,1.49346805512905
L,CTT,1.58798551311493,0.0215293693944182,1.5466970205307,1.63199149866899
L,TTA,1.59830443811417,0.0137422930075749,1.57194521625837,1.62642009456952
L,TTG,1.6650980193615,0.0137898749629079,1.63827002048492,1.69260648290316
M,ATG,1.70551446146965,0.0170847960266937,1.67155437469482,1.73925560414791
N,AAC,1.57880913352966,0.0143358371402199,1.55107713143031,1.60653006831805
N,AAT,1.58485102686882,0.0118286131412068,1.56206771035989,1.60766197840373
P,CCA,1.33184564838409,0.0121685907163236,1.30810400744279,1.35610724389553
P,CCC,1.2589866379261,0.0189995439082187,1.22124728560448,1.29841443300247
P,CCG,1.22095162844658,0.0181908019625652,1.18644821445147,1.25902543962002
P,CCT,1.33174754271507,0.0146389613624778,1.30341278413932,1.36160876452923
Q,CAA,1.51866276059151,0.0120191808614243,1.49550216297309,1.54266712268194
Q,CAG,1.61095600194931,0.0174994990049623,1.57794234553973,1.64433430631955
R,AGA,1.69772577447891,0.0155129575349406,1.66786695718765,1.72855377197266
R,AGG,1.66567845368385,0.0209847582216309,1.62627670665582,1.7081751237313
R,CGA,1.32869744772911,0.0271039334090073,1.27751313745976,1.37881892025471
R,CGC,1.48993081912994,0.036499884987045,1.41696118911107,1.56411132613818
R,CGG,1.48862079434395,0.0391193195287299,1.41640060245991,1.56689596275489
R,CGT,1.6493279337883,0.0263643126499205,1.601675131917,1.70258420507113
S,TCA,1.56140067567825,0.015550118935794,1.5307902375857,1.59177876214186
S,TCC,1.4477768828392,0.0176353886301686,1.41124275028706,1.48238182067871
S,TCG,1.66681750559807,0.0242265305513718,1.6216362307469,1.71449070870876
S,TCT,1.49369455060959,0.0135822551418441,1.4673867225647,1.52108994325002
T,ACA,1.60497700104713,0.0161993121928616,1.57425097723802,1.63732019861539
T,ACC,1.36636168489456,0.0169015696452905,1.33401177624861,1.39947365820408
T,ACG,1.87170138173103,0.0266880339459328,1.8189879566431,1.92574097414811
T,ACT,1.3997932144165,0.0130199949128037,1.374416872859,1.42641544640064
V,GTA,1.53215737471581,0.0186807434518519,1.49544159173965,1.5690684090058
V,GTC,1.64861727075577,0.0216535535221706,1.60495930810769,1.69072127342224
V,GTG,1.69440869522095,0.020898395525112,1.6545241912206,1.73601419130961
V,GTT,1.67056240172386,0.0162346229429945,1.63931890924772,1.7017438262701
W,TGG,1.51687005872726,0.0180058758611644,1.48263728618622,1.552119632562
Y,TAC,1.83318483629227,0.0215246736569984,1.79101859033108,1.87460445165634
Y,TAT,1.64630596265793,0.0172089912343013,1.61284294426441,1.67940831184387
Z,AGC,1.67281318821907,0.0218018276235626,1.63219322065512,1.713642552495
Z,AGT,1.71527627892494,0.0199083779573411,1.67581719259421,1.75579779744148
