Permutation,Intercept,Slope
1,0.9997743489848188,2.7832152376824875e-6
2,0.9997713817159777,3.3655162135875262e-6
3,0.999772455113519,3.17738155824597e-6
4,0.9997737372614243,2.9417256697546737e-6
5,0.9997734565348511,2.9714868772211777e-6
6,0.9997749051015858,2.6911595823127126e-6
7,0.9997735211790935,2.9993791394081723e-6
8,0.9997723576315721,3.23527658807196e-6
9,0.9997753513777444,2.6375251871669063e-6
10,0.9997712366230611,3.4404891193697684e-6
11,0.9997716625526123,3.381459859292598e-6
12,0.9997730165189347,3.0198961408390455e-6
13,0.9997716474557108,3.285477236819858e-6
14,0.9997717953635368,3.31613232408391e-6
15,0.9997749874684597,2.718847673935544e-6
16,0.999775134653261,2.5719088473406033e-6
17,0.9997724331502044,3.0984403086023454e-6
18,0.9997742259837155,2.7951363016095537e-6
19,0.9997721045180052,3.2290921615743734e-6
20,0.9997744396381216,2.7901811916868574e-6
21,0.9997754464088391,2.585139436192831e-6
22,0.9997692266333872,3.815412929912446e-6
23,0.9997733455189775,2.988051599610448e-6
24,0.999774579131679,2.7540279588285585e-6
25,0.9997728479994117,3.1123193792615218e-6
26,0.9997759832846494,2.4648992618866157e-6
27,0.9997737151311161,2.926163876211089e-6
28,0.9997696580093587,3.7142282579085736e-6
29,0.9997744954161151,2.7210587716737873e-6
30,0.999773787645685,2.928540940000325e-6
31,0.9997720881780879,3.278311900943511e-6
32,0.999773360350917,2.986482567491759e-6
33,0.9997700621148253,3.673200701113247e-6
34,0.9997730851757657,3.001413227071699e-6
35,0.9997739359976131,2.8663047225027814e-6
36,0.9997740410164246,2.9047744676458854e-6
37,0.9997727192820666,3.1044704778553703e-6
38,0.9997740237064162,2.844658672800771e-6
39,0.9997729775652605,3.108656577380908e-6
40,0.9997725706373285,3.20053165403584e-6
41,0.9997740208622306,2.877082255005554e-6
42,0.9997757449082267,2.5342127996277448e-6
43,0.9997720420765379,3.25306463773265e-6
44,0.9997719813023552,3.3079050991462107e-6
45,0.9997749398135906,2.703107736340381e-6
46,0.9997731759945617,3.01630539429801e-6
47,0.9997709787663559,3.48045118025108e-6
48,0.9997708296614557,3.4759578996295603e-6
49,0.9997751851548798,2.6690852829681423e-6
50,0.9997728286549606,3.1183871473252595e-6
51,0.9997725884853588,3.090335590014682e-6
52,0.9997714015477848,3.42749711763046e-6
53,0.9997757152871124,2.5262669439162054e-6
54,0.9997743077723573,2.846588530664983e-6
55,0.999772494019053,3.2176703338070953e-6
56,0.9997745267991911,2.779570959522584e-6
57,0.9997751276375821,2.564932764275973e-6
58,0.9997782114461485,2.0574404295524235e-6
59,0.9997757736187542,2.5179295649343237e-6
60,0.9997690319125123,3.947057164736091e-6
61,0.9997731984908739,2.9971338948540743e-6
62,0.9997739247154265,2.8652237316217822e-6
63,0.9997745113057024,2.762121013843403e-6
64,0.9997730048735739,3.0591858318634817e-6
65,0.9997745639778518,2.709202383964089e-6
66,0.99977420655831994,2.8620365396813156e-6
67,0.9997724913888255,3.1199730268341555e-6
68,0.9997735598694428,2.974349875957468e-6
69,0.9997702277367111,3.6318657231030494e-6
70,0.999774930510117,2.7139293727995476e-6
71,0.999772118206175,3.2712802930349625e-6
72,0.9997730471041324,3.1008656872330492e-6
73,0.9997728740682872,3.0668584809508732e-6
74,0.9997734923560613,3.0024923711496042e-6
75,0.9997737461071311,2.8953795565011727e-6
76,0.9997750113923107,2.701087780658301e-6
77,0.9997760295933878,2.428683061758312e-6
78,0.999775043197504,2.6400140952570547e-6
79,0.9997732896315196,3.056846744666146e-6
80,0.9997712161913666,3.3729553643125607e-6
81,0.9997719578749656,3.261891909955497e-6
82,0.9997756207425018,2.52848305219482e-6
83,0.9997747132620126,2.7074526911341335e-6
84,0.9997729224378019,3.0693650489179652e-6
85,0.9997751616417582,2.618818529516548e-6
86,0.999774344064834,2.831021223173915e-6
87,0.999771601781723,3.3556349058144967e-6
88,0.9997721750436815,3.1952997712587735e-6
89,0.9997716672046361,3.3503272578513024e-6
90,0.9997751332531383,2.598367753794383e-6
91,0.9997733034885212,2.9913437400054192e-6
92,0.9997704924688906,3.5732142382612e-6
93,0.9997747191353433,2.724906344303424e-6
94,0.9997727841584061,3.1000975645356795e-6
95,0.9997700049542864,3.6532824446621257e-6
96,0.9997729028501058,3.102152260501453e-6
97,0.999775210383007,2.6223488894147942e-6
98,0.9997723757875498,3.1600447289069235e-6
99,0.9997739135481868,2.8871629535876433e-6
100,0.9997741334126845,2.811429039998126e-6
101,0.999773996816824,2.8442796884129413e-6
102,0.999775074434666,2.6066864368944938e-6
103,0.9997694756403461,3.758190528669347e-6
104,0.9997722375644598,3.214025438438269e-6
105,0.9997749302077003,2.695878948700715e-6
106,0.9997736760482621,2.969355287535777e-6
107,0.9997729974977388,3.059839635659272e-6
108,0.9997758500726405,2.508167831241065e-6
109,0.9997750669324179,2.6344321829951597e-6
110,0.9997717175350028,3.3033711601688962e-6
111,0.9997723791627874,3.1990999882348013e-6
112,0.9997741258352173,2.8472679199207003e-6
113,0.9997753125245921,2.6321774648141697e-6
114,0.9997741617363468,2.849820121556373e-6
115,0.9997734238135576,2.9392399210237945e-6
116,0.9997706748956083,3.5053186168081998e-6
117,0.9997742877056937,2.81493520709759e-6
118,0.9997741264166041,2.910868437181388e-6
119,0.9997749683693707,2.6749700272230285e-6
120,0.9997746141460231,2.7093818725849243e-6
121,0.9997742995935426,2.797452780830332e-6
122,0.9997741177528701,2.8554523352752946e-6
123,0.9997716824804194,3.302838147309949e-6
124,0.9997697826408347,3.7141920357875847e-6
125,0.9997721803797277,3.2761236265254423e-6
126,0.9997712204418024,3.393264190977089e-6
127,0.9997725898318601,3.0888404927921726e-6
128,0.999772490818729,3.1875779153454393e-6
129,0.9997744991100159,2.6971120390503537e-6
130,0.999774501838183,2.7805608841984917e-6
131,0.9997748219240433,2.683993438279756e-6
132,0.9997758731318034,2.4868808263108056e-6
133,0.9997748453970714,2.7201114024016402e-6
134,0.9997718256673512,3.2689261196156135e-6
135,0.999770593784219,3.601847728759063e-6
136,0.9997757529825799,2.495233329147014e-6
137,0.9997731310896639,3.0431534524252534e-6
138,0.9997744003534618,2.7908816659089677e-6
139,0.9997751087352191,2.6414351115954974e-6
140,0.9997722809891467,3.2331246842097954e-6
141,0.9997759738699741,2.4821561602943574e-6
142,0.9997759217367199,2.4872518324305744e-6
143,0.9997717351300744,3.328606731196035e-6
144,0.9997718115708512,3.320140837215131e-6
145,0.9997713184420673,3.4426619536224024e-6
146,0.9997725085767344,3.164949907333558e-6
147,0.9997728636791864,3.0699855580238657e-6
148,0.999774801861862,2.6850258725039973e-6
149,0.9997724470200005,3.170027674601352e-6
150,0.9997729547231811,3.090477134545224e-6
151,0.9997712941199318,3.4004278757050203e-6
152,0.9997759573678462,2.492755745707034e-6
153,0.999773030614761,3.044635277002453e-6
154,0.9997730911150032,3.0347010916425746e-6
155,0.999773156286759,3.0301864007098013e-6
156,0.999773428946737,2.9623368790045787e-6
157,0.9997743740955484,2.825773433724414e-6
158,0.9997737116578422,2.91078636333059e-6
159,0.9997717451215477,3.2958823347688435e-6
160,0.9997764244691015,2.3737628871020605e-6
161,0.9997727323270733,3.139532363096317e-6
162,0.9997702961808955,3.619569646381558e-6
163,0.9997715605530212,3.3967357451222853e-6
164,0.9997732256139454,3.0094841719750493e-6
165,0.9997705893333876,3.5895102846601188e-6
166,0.9997742944182731,2.821527491998923e-6
167,0.9997739936836169,2.8625510978261755e-6
168,0.9997728527471909,3.0801082729280503e-6
169,0.9997750162402699,2.6662643247007596e-6
170,0.9997724622793219,3.2042466629680115e-6
171,0.999773084526219,3.035201266145492e-6
172,0.9997744294003724,2.7292025983521975e-6
173,0.9997719999736064,3.284228501461215e-6
174,0.9997740121404967,2.852783916291162e-6
175,0.9997744983249593,2.7911372917553036e-6
176,0.999771897513082,3.2682063882580996e-6
177,0.9997746440630375,2.7649234386055706e-6
178,0.9997723260159428,3.2211888980238054e-6
179,0.9997733960286507,2.967643878861596e-6
180,0.9997733253035521,2.9509170696398626e-6
181,0.9997744162028785,2.7613352672740315e-6
182,0.9997758271492987,2.5084810478106315e-6
183,0.9997718799360173,3.3136923403770007e-6
184,0.999773771616166,2.9523673751834273e-6
185,0.9997717633852234,3.3375060082391818e-6
186,0.9997738131258553,2.9209897004366632e-6
187,0.9997730315158464,3.067049716889729e-6
188,0.9997715692643042,3.340493112829579e-6
189,0.9997737432529834,2.914298528707565e-6
190,0.9997757003086954,2.5415536366916336e-6
191,0.9997733235030392,3.058189542969224e-6
192,0.9997705755905097,3.580205134656059e-6
193,0.9997734357566928,3.008375479790671e-6
194,0.9997725164473877,3.16709739288622e-6
195,0.9997750822566781,2.6768957513816964e-6
196,0.9997727396336911,3.1180283001915423e-6
197,0.9997737607247001,2.952842188306225e-6
198,0.9997745625380804,2.7515837728787277e-6
199,0.9997740609324985,2.792465039455009e-6
200,0.9997754023831226,2.599376356734659e-6
201,0.9997727506836881,3.098905243779395e-6
202,0.9997733587308859,3.0232457463188523e-6
203,0.9997757630629505,2.5842130186597194e-6
204,0.9997747254467501,2.75225265779347e-6
205,0.99977375396727,2.9449954885041853e-6
206,0.9997728372859649,3.1034953959568143e-6
207,0.9997712645940364,3.397536228780679e-6
208,0.9997716722302028,3.373006540712483e-6
209,0.9997712196553997,3.4456826262114433e-6
210,0.9997746764622366,2.7355266143792756e-6
211,0.9997734502738131,2.9851121232354337e-6
212,0.9997731229299438,3.010785086006349e-6
213,0.9997716321802174,3.340358015675458e-6
214,0.9997716026658329,3.347870858758711e-6
215,0.9997727283603745,3.108326390774596e-6
216,0.9997737046884273,2.930447954208904e-6
217,0.9997725545420624,3.1824163617780414e-6
218,0.9997735667671354,2.942030078157852e-6
219,0.999773289863823,3.0409938142641074e-6
220,0.9997727755404378,3.118591507829856e-6
221,0.9997754752781282,2.5686278774366934e-6
222,0.9997734304120267,2.9779978961993485e-6
223,0.999773500224872,2.9689633133178793e-6
224,0.9997740385933189,2.843826331234831e-6
225,0.9997710716130551,3.463432867693615e-6
226,0.9997730877143222,3.041305229641804e-6
227,0.9997714741848646,3.340563072401057e-6
228,0.9997755758768042,2.503470313831968e-6
229,0.9997700845234114,3.663703065090459e-6
230,0.9997732255004831,3.014988830141886e-6
231,0.9997746217168791,2.7452252250384412e-6
232,0.9997750508993761,2.6245936544711234e-6
233,0.9997723807780091,3.198354377273184e-6
234,0.9997741403772031,2.872577912164219e-6
235,0.9997724290745629,3.1496935872426184e-6
236,0.9997715273177895,3.349960576418394e-6
237,0.9997729720873119,3.0932381860328718e-6
238,0.9997723081953837,3.1770140443877517e-6
239,0.9997720540493537,3.2784941618442766e-6
240,0.9997735559773986,2.920283373835132e-6
241,0.9997746488518208,2.7092764469124162e-06
242,0.999773831360746,2.89667134198937e-6
243,0.9997733529350631,3.0265145822598107e-6
244,0.9997725834733565,3.173381831913853e-6
245,0.9997734445538222,2.913544067609335e-6
246,0.9997718761759079,3.305470218627877e-6
247,0.9997733720036176,3.006330337989622e-6
248,0.9997731792894418,3.017288263929856e-6
249,0.9997760100347617,2.465323136145564e-6
250,0.9997712341606478,3.4312600884124688e-6
251,0.9997764519313997,2.3525854143659428e-6
252,0.9997734029308117,3.0134577940092424e-6
253,0.9997735126756409,2.9624510480191695e-6
254,0.9997743811454942,2.808615048704692e-6
255,0.9997737512942394,2.9110650570209583e-6
256,0.9997711844624353,3.4702492035205654e-6
257,0.9997725795260668,3.123899344807317e-6
258,0.9997740645171169,2.8206656323786883e-6
259,0.9997734509041225,2.9986244864303114e-6
260,0.9997740688573886,2.8650564229086847e-6
261,0.9997760441780844,2.434418412022781e-6
262,0.9997732212172936,3.0363802743404095e-6
263,0.999772621911091,3.141754489881246e-6
264,0.999771741252168,3.3006733066125246e-6
265,0.999777526601557,2.1699612703328533e-6
266,0.999776586548829,2.3405223608933835e-6
267,0.9997750367704252,2.6732138867890564e-6
268,0.9997720737354738,3.2497933528420217e-6
269,0.9997747056739882,2.7295070724068986e-6
270,0.9997733118356351,3.0430612643378707e-6
271,0.999774230197772,2.840231224361056e-6
272,0.999772857415246,3.08045105072993e-6
273,0.9997745698002782,2.757198428196743e-6
274,0.9997724428834215,3.1740998473696962e-6
275,0.9997726168203219,3.0838675601226655e-6
276,0.9997743203488002,2.753750345892456e-6
277,0.9997744475364132,2.755866171965665e-6
278,0.9997723042591593,3.2084330917048923e-6
279,0.9997742817484035,2.7631388047154426e-6
280,0.9997726206085432,3.1401316224121653e-6
281,0.9997758039776853,2.521114759939543e-6
282,0.9997749005485251,2.637759069373009e-6
283,0.9997736337987747,2.9266207059688347e-6
284,0.9997754397296348,2.5721629599519703e-6
285,0.9997717548785308,3.343972932330111e-6
286,0.9997749745318459,2.7050040904400596e-6
287,0.9997754490694687,2.5735024266045987e-6
288,0.9997737502777808,2.8393301868564144e-6
289,0.9997719368084184,3.313301034910553e-6
290,0.9997720608620457,3.2385067966113842e-6
291,0.9997749357836239,2.654376034680266e-6
292,0.9997719276039838,3.2896455700673223e-6
293,0.9997715185069395,3.3668604194823095e-6
294,0.999772115228816,3.2444947439697957e-6
295,0.9997754217511026,2.6176690542238324e-6
296,0.9997708345701213,3.537989149670119e-6
297,0.9997714370955986,3.3446784524179283e-6
298,0.9997730574906867,3.075142883459163e-6
299,0.9997758911157063,2.4832276897369946e-6
300,0.9997721360267686,3.217753288946867e-6
301,0.9997726460054879,3.2340128197098224e-6
302,0.9997745799907327,2.74198192374125e-6
303,0.999774670305215,2.706906964251186e-6
304,0.9997710576767207,3.4323138772230843e-6
305,0.9997731772110894,3.012352950143889e-6
306,0.9997749442606387,2.6701099439423837e-6
307,0.9997748556435516,2.7053613257595753e-6
308,0.999773895138707,2.92254744197932e-6
309,0.999772819517369,3.0584890232526764e-6
310,0.9997731547319089,2.979282396950314e-6
311,0.9997747560677203,2.682949775487466e-6
312,0.9997697347366508,3.70174078052502e-6
313,0.9997750598297886,2.6412784771768166e-6
314,0.9997764958723829,2.3211758076451248e-6
315,0.9997753030939478,2.592560239983941e-6
316,0.9997725080400832,3.1681897047354045e-6
317,0.9997723174699099,3.1689699969182935e-6
318,0.999774505819016,2.729844645849828e-6
319,0.9997727300530652,3.131893126756968e-6
320,0.9997735577587108,2.950812276838493e-6
321,0.9997724883729694,3.152096347365763e-6
322,0.9997711319843877,3.4423056359977128e-6
323,0.9997692253345072,3.8060637974864444e-6
324,0.9997740289487473,2.833263820036629e-6
325,0.9997687293901962,3.9597122058393365e-6
326,0.999772770534786,3.1379647092959563e-6
327,0.9997750137115768,2.688675613009946e-6
328,0.9997728475843636,3.0556810029070187e-6
329,0.9997729079354698,3.1065138128316016e-6
330,0.9997751589952601,2.6582502194106983e-6
331,0.9997752765336746,2.6171600292297842e-6
332,0.999776158322634,2.417785156947878e-6
333,0.9997712667749152,3.414431596093964e-6
334,0.9997740966426985,2.86436506355916e-6
335,0.9997721175131278,3.2821770089924703e-6
336,0.9997723983623832,3.1828874462494635e-6
337,0.9997716763987415,3.339862617231734e-6
338,0.9997729505347613,3.0476186136974413e-6
339,0.9997716582162645,3.325314100788065e-6
340,0.9997751952864257,2.637918155944573e-6
341,0.9997746956246003,2.715786811933393e-6
342,0.9997746623291166,2.7659668376758245e-6
343,0.9997709346808442,3.4942360325535383e-6
344,0.9997737317198334,2.9366948644877493e-6
345,0.9997727100421513,3.098936251016091e-6
346,0.9997715411070478,3.3301667456798433e-6
347,0.9997727277892616,3.1016794454351015e-6
348,0.9997734353399306,2.9761491614424118e-6
349,0.9997754549806882,2.5811225348108887e-6
350,0.9997760806925365,2.423205989109383e-6
351,0.9997743588804827,2.7368896785827634e-6
352,0.999773023701172,3.1164588537504562e-6
353,0.9997731897259525,3.0291445670183937e-6
354,0.9997728864051285,3.1127436608507674e-6
355,0.9997718613894037,3.26998409307975e-6
356,0.9997718258981344,3.292366147919616e-6
357,0.9997738560502709,2.9244714924646302e-6
358,0.9997740346074511,2.869493487232301e-6
359,0.9997740806518867,2.872196885155257e-6
360,0.9997732058086491,3.025672461423695e-6
361,0.9997724189440262,3.245813940844723e-6
362,0.9997750771708261,2.681546214676427e-6
363,0.9997727903474788,3.121770144911401e-6
364,0.999772455463633,3.142549942220945e-6
365,0.9997748153423087,2.690313855052931e-6
366,0.9997728003621987,3.1028993913422064e-6
367,0.9997731423047496,3.0647999223894054e-6
368,0.9997758615916451,2.5055156430241477e-6
369,0.9997730525594981,3.1253383122192774e-6
370,0.9997749325061366,2.695203261300674e-6
371,0.9997746693733495,2.759801622295239e-6
372,0.9997722307508242,3.223836412267898e-6
373,0.9997720761783699,3.224923194881543e-6
374,0.9997727773933127,3.137451079353576e-6
375,0.9997716738506138,3.3598296222232835e-6
376,0.9997745391267062,2.7793936269491034e-6
377,0.9997699081106355,3.6594834441911685e-6
378,0.9997736678328135,2.939856122482381e-6
379,0.9997732212513207,3.015104574544987e-6
380,0.9997736187714278,2.9189777644338606e-6
381,0.9997727939371955,3.1017429365904813e-6
382,0.9997771999609365,2.2757840595200445e-6
383,0.9997748737784652,2.7337123139300035e-6
384,0.9997716570927849,3.2815523296784503e-6
385,0.9997766875404043,2.3186386288482557e-6
386,0.999773800781501,2.9003969050126186e-6
387,0.9997744847760321,2.760989813860881e-6
388,0.9997738444682901,2.9295638813122625e-6
389,0.9997737139590432,2.9313464741088095e-6
390,0.9997728250533471,3.12230061709821e-6
391,0.9997757813428783,2.529510190801798e-6
392,0.9997733453515637,3.009772087599865e-6
393,0.9997730343188367,3.0361862137528964e-6
394,0.9997729610122245,3.0643919242366455e-6
395,0.9997736856246955,2.9239243354520665e-6
396,0.999771420300774,3.389167223070572e-6
397,0.9997735957852442,2.917334933235148e-6
398,0.9997730374040583,3.037098699790998e-6
399,0.9997716573701768,3.306853078919195e-6
400,0.9997707929221938,3.5163917384425745e-6
401,0.9997712822492828,3.408929949933036e-6
402,0.9997725144274585,3.208761973976726e-6
403,0.9997757218427328,2.5462513591966907e-6
404,0.9997757297164201,2.5433101081470056e-6
405,0.9997720869084424,3.267958828477702e-6
406,0.9997743086986471,2.7944751537913927e-6
407,0.999773833778836,2.9032027044830494e-6
408,0.9997714415060007,3.366907433743601e-6
409,0.999773134378098,2.9805723497680923e-6
410,0.9997699227816224,3.6813477856507308e-6
411,0.9997734885329839,2.945145464212559e-6
412,0.99977344372592,3.0077509312665246e-6
413,0.9997722323417493,3.186806170876355e-6
414,0.9997699985430782,3.6588377435128147e-6
415,0.999775609647826,2.5676488318260536e-6
416,0.9997718331050546,3.3034583431793927e-6
417,0.9997736071906878,2.9280528714503083e-6
418,0.9997736193832618,2.953430276455701e-6
419,0.9997758199280193,2.478540248696782e-6
420,0.9997740554085531,2.919584177214074e-6
421,0.9997739468426438,2.8706963706147906e-6
422,0.9997727038545531,3.1713812950550993e-6
423,0.999772645389143,3.1095591486074402e-6
424,0.9997728096162484,3.1206611814902967e-6
425,0.9997754169447124,2.5792821741134558e-6
426,0.9997710099150682,3.4868554367700992e-6
427,0.9997760662374965,2.405666656529371e-6
428,0.9997742152721734,2.8072215188650806e-6
429,0.9997715902577464,3.3389196573244017e-6
430,0.9997737646091146,2.890510988024496e-6
431,0.9997747479981367,2.776130237073477e-6
432,0.9997729329515159,3.1081853124734336e-6
433,0.999772754608396,3.1187861234695356e-6
434,0.9997759143737875,2.4248056569102985e-6
435,0.9997744109603011,2.752919105551569e-6
436,0.9997725354102123,3.1787324073879717e-6
437,0.9997741650639422,2.850009906089289e-6
438,0.9997716713333222,3.301549039987469e-6
439,0.9997749783202545,2.595598345745433e-6
440,0.9997732613280766,2.978994880099584e-6
441,0.9997715522394052,3.3087700939551726e-6
442,0.9997740915798758,2.864853743526147e-6
443,0.9997729010852854,3.0618512164591926e-6
444,0.9997720325498969,3.2369012585832673e-6
445,0.9997718888570081,3.280768792149671e-6
446,0.9997793293829609,1.7610960225559297e-6
447,0.999775024315196,2.675837767677941e-6
448,0.999774184292994,2.846209870071774e-6
449,0.9997736444921186,2.9528958229869188e-6
450,0.999771978463938,3.244214251926072e-6
451,0.9997731583592381,3.0462245349661533e-6
452,0.9997764373615039,2.330399810357139e-6
453,0.9997738226538841,2.8627069055103027e-6
454,0.9997687607503395,3.9489460729317005e-6
455,0.999769828449974,3.7373960979594305e-6
456,0.9997728212716921,3.125237974543063e-6
457,0.9997757831187263,2.514842938982903e-6
458,0.9997740467730236,2.8418955735102397e-6
459,0.9997734975339091,2.988910487119475e-6
460,0.9997718643848525,3.3254524581033332e-6
461,0.9997757018954315,2.539044007720931e-6
462,0.9997724811606815,3.167538585544071e-6
463,0.9997725677336757,3.1645725070155135e-6
464,0.9997729193093717,3.1093973550144327e-6
465,0.9997719220854484,3.2811636539942013e-6
466,0.9997730947466759,2.98139934524878e-6
467,0.9997752361788335,2.594395662653524e-6
468,0.9997725979251528,3.116541420785088e-6
469,0.9997704889671944,3.5234437707845865e-6
470,0.9997722059325426,3.2582980310120553e-6
471,0.9997736114317596,2.9300669658195933e-6
472,0.9997766175581969,2.377829846368262e-6
473,0.9997738286051331,2.9146797276266164e-6
474,0.9997735943777754,2.938456622347337e-6
475,0.9997740279340115,2.9008683306709066e-6
476,0.9997722236599271,3.209863106272743e-6
477,0.9997743627555414,2.8484450923331133e-6
478,0.9997722307708268,3.217520523076413e-6
479,0.9997755323542442,2.547096670120531e-6
480,0.9997719692035283,3.2862545548819687e-6
481,0.9997720767065384,3.250401105520981e-6
482,0.999772700117666,3.1385497088168858e-6
483,0.9997724233553398,3.158928683963044e-6
484,0.9997736856497453,2.9227882738202298e-6
485,0.9997744238700511,2.8097054041056213e-6
486,0.9997752080983774,2.614411375233899e-6
487,0.9997704857253153,3.6336939314869344e-6
488,0.9997743695693887,2.7707351022265013e-6
489,0.9997717619033878,3.344638089861812e-6
490,0.9997721345739243,3.245214647658366e-6
491,0.9997726477834598,3.129648852026429e-6
492,0.9997713518146489,3.4267620372654743e-6
493,0.9997738104278958,2.9450287382643044e-6
494,0.9997757100378135,2.55497025336565e-6
495,0.9997688841527262,3.821101548299271e-6
496,0.9997715628917219,3.383067555248489e-6
497,0.999772580512939,3.1303903728187983e-6
498,0.9997734847574828,2.9559210253039708e-6
499,0.9997710218169886,3.491620256724808e-6
500,0.999773718321675,2.912531296176122e-6
501,0.9997735972349064,2.9848625266361868e-6
502,0.9997733655044133,2.9951172890172637e-6
503,0.9997734016636673,3.0042160975183992e-6
504,0.9997738835882348,2.9147769780946044e-6
505,0.999774009972904,2.865741142583217e-6
506,0.9997733873059238,2.9593189902457758e-6
507,0.9997748486376632,2.6998008374202545e-6
508,0.9997714160639555,3.3945200450667716e-6
509,0.9997731547530252,3.046706191713979e-6
510,0.9997740227548308,2.832218401281075e-6
511,0.9997696320006231,3.746882786660866e-6
512,0.9997745160071216,2.7251918817291754e-6
513,0.999774672056018,2.725715710853361e-6
514,0.9997741823877346,2.789436303905518e-6
515,0.9997745791204921,2.735916576658564e-6
516,0.9997725261006717,3.1697619727196475e-6
517,0.9997715149689423,3.390028755028883e-6
518,0.9997743604937713,2.8317874097398694e-6
519,0.9997727746253393,3.1290921426486183e-6
520,0.9997709889437835,3.4506074435667854e-6
521,0.9997749592273729,2.658356571676976e-6
522,0.9997744887162289,2.788941851844259e-6
523,0.999776133631017,2.5074043503987266e-6
524,0.9997737647335649,2.893784328384889e-6
525,0.9997712918244853,3.431256553125502e-6
526,0.999772504841671,3.1620882112371958e-6
527,0.9997704772009669,3.563310300679201e-6
528,0.9997756673627628,2.6156468590355566e-6
529,0.9997734379676888,2.9799137610260343e-6
530,0.9997707178010418,3.5220862156890247e-6
531,0.9997722674679933,3.1696954557771714e-6
532,0.9997723719445097,3.189034614316409e-6
533,0.9997732263686826,3.0919517204723975e-6
534,0.9997731933810807,2.975322762402698e-6
535,0.9997723381940347,3.207657510083679e-6
536,0.9997722192693589,3.259846218662803e-6
537,0.9997731180123596,2.987287909763162e-6
538,0.9997733079358496,3.0570929389515296e-6
539,0.9997731081991098,3.0445829779134658e-6
540,0.9997737729018366,2.8761036825995256e-6
541,0.9997760417150259,2.418036470675236e-6
542,0.9997720657338913,3.3213897198464758e-6
543,0.9997752261648547,2.670768123577086e-6
544,0.9997703966566451,3.605655666063963e-6
545,0.999777049446744,2.2359279922998166e-6
546,0.9997715357968786,3.34372467410031e-6
547,0.9997715787849825,3.3525715571693472e-6
548,0.9997741071368518,2.8629720510085117e-6
549,0.9997750458299243,2.675491025911436e-6
550,0.9997742571403324,2.810907471209674e-6
551,0.9997753898624089,2.5532114478011683e-6
552,0.9997706727975028,3.506958396565027e-6
553,0.9997703503624724,3.585872648473848e-6
554,0.9997728327298282,3.1070225889740695e-6
555,0.9997741990436713,2.809388883129655e-6
556,0.9997732295437594,2.987968207183137e-6
557,0.9997730010236207,3.0661074275014394e-6
558,0.9997725889812605,3.1933056228178157e-6
559,0.9997705183945246,3.569695378132338e-6
560,0.9997740680874501,2.852918932371502e-6
561,0.9997737801091157,2.8624311224595937e-6
562,0.9997751801001008,2.6456383360749275e-6
563,0.9997759667558623,2.47213018828407e-6
564,0.9997724186500083,3.1790626148487146e-6
565,0.999772929815937,3.0856428297571356e-6
566,0.9997735578822181,2.969538993121144e-6
567,0.9997752938721934,2.542596177083678e-6
568,0.999773047774763,3.0675276022122277e-6
569,0.9997706180247039,3.5689650897360047e-6
570,0.9997748459289032,2.6759380950062764e-6
571,0.9997742595832086,2.8154862658553292e-6
572,0.999772591854805,3.167230696830379e-6
573,0.999768535260924,3.964266496891119e-6
574,0.9997754348056077,2.5712632222725553e-6
575,0.9997717884687117,3.267891704962831e-6
576,0.999774022045991,2.8398537763727e-6
577,0.999771965095266,3.2705087641401716e-6
578,0.9997724497683697,3.16451691034148e-6
579,0.9997758163915547,2.4897658863340427e-6
580,0.9997717950751237,3.315792945250607e-6
581,0.9997730245931444,3.090266268616637e-6
582,0.9997734339045168,2.9676185655424197e-6
583,0.9997743862339337,2.786768498642015e-6
584,0.9997753648284502,2.581870215280562e-6
585,0.999775334752268,2.6194115397216487e-6
586,0.9997751721456312,2.7163196521514616e-6
587,0.9997731949280917,3.060963231786836e-6
588,0.9997766712169253,2.3555462560700215e-6
589,0.9997746622258241,2.7619263605747196e-6
590,0.9997743164557285,2.806982089683217e-6
591,0.999773445152264,2.974007121409802e-6
592,0.9997759281423458,2.498312049705403e-6
593,0.9997725894632521,3.1488998511587404e-6
594,0.9997709461217891,3.5280521492339676e-06
595,0.9997723650386637,3.218507175530078e-6
596,0.9997723554379214,3.1910903394827898e-6
597,0.9997742806417438,2.7743778918747297e-6
598,0.9997709947229968,3.553547755257543e-6
599,0.9997741011223843,2.8271700809629377e-6
600,0.9997738961670758,2.8990294438129414e-6
601,0.9997731707012524,3.06685552830945e-6
602,0.9997729154879511,3.0705108540825563e-6
603,0.9997728688360118,3.1092572123801423e-6
604,0.9997722647488548,3.20661011210185e-6
605,0.9997722503395707,3.2380122870708174e-6
606,0.9997723429875925,3.1717565255872433e-6
607,0.9997728424198823,3.062486817980109e-6
608,0.999771890893072,3.2617193087449674e-6
609,0.9997752852650815,2.62358146489311e-6
610,0.9997713634357103,3.37453939667756e-6
611,0.9997736540599208,2.916897412990297e-6
612,0.9997712243517152,3.3922811325030294e-6
613,0.9997741305272341,2.8131341686145983e-6
614,0.9997739092074541,2.8912193323695124e-6
615,0.9997717173396927,3.3245514976803665e-6
616,0.9997745340768469,2.744653956535666e-6
617,0.9997726121945303,3.188324330278038e-6
618,0.9997718888977443,3.260549726276896e-6
619,0.99977415868259,2.8222081537667013e-6
620,0.9997752631220014,2.605574078184754e-6
621,0.9997724140000795,3.1706438089381668e-6
622,0.999774653629949,2.7292579647378557e-6
623,0.9997726428955642,3.153505552751204e-6
624,0.9997725916136451,3.1537555248887093e-6
625,0.9997743000181698,2.837852255785896e-6
626,0.9997699219210774,3.745670844359784e-6
627,0.9997731906300173,3.0303873959623496e-6
628,0.999773458581828,2.984594217535751e-6
629,0.9997700371056943,3.6783973912152673e-6
630,0.9997729870732079,3.0522407731356377e-6
631,0.9997741177985441,2.9152520745765726e-6
632,0.9997731516588355,3.052947975298495e-6
633,0.9997718624781207,3.325902342291768e-6
634,0.9997737584585255,2.9266365384296632e-6
635,0.9997721574422831,3.256127283626628e-6
636,0.9997726946730556,3.1506512839305163e-6
637,0.9997717007315383,3.3606690963813812e-6
638,0.999773452129787,2.963499803715777e-6
639,0.9997739721185466,2.8826781875032935e-6
640,0.9997736163416274,2.9181440798496337e-6
641,0.9997744877774358,2.7364841739653343e-6
642,0.9997716415272072,3.308364704440085e-6
643,0.9997717714820373,3.356584583989721e-6
644,0.9997723019578332,3.2147139438047382e-6
645,0.9997727521034235,3.144837535678178e-6
646,0.9997739313814498,2.8838769896135766e-6
647,0.9997732898172933,3.035406746378876e-6
648,0.9997761583964639,2.4081208840585793e-6
649,0.9997710696076237,3.4228767104009683e-6
650,0.9997714635168966,3.422790872825776e-6
651,0.999769708957305,3.730689256325311e-6
652,0.9997731622274837,3.0955047708554368e-6
653,0.9997723527026108,3.2134616423897785e-6
654,0.999772377667465,3.198345595629055e-6
655,0.9997746587166516,2.7701441094075124e-6
656,0.9997721502024893,3.2498781653659427e-6
657,0.9997733242737266,2.988394646224205e-6
658,0.9997719351079086,3.2976836535937117e-6
659,0.999771038861309,3.483909100397019e-6
660,0.9997719685144287,3.296875528715574e-6
661,0.9997701019218216,3.6185053547539863e-6
662,0.9997698714383983,3.697310134681968e-6
663,0.999771433263063,3.3860911453931694e-6
664,0.9997721407267942,3.2463861630186058e-6
665,0.9997749349862938,2.66047081328527e-6
666,0.9997739337955627,2.890687514070268e-6
667,0.9997753117532343,2.5804090302970793e-6
668,0.9997766093493852,2.3426276203035157e-6
669,0.9997740951298815,2.8460911349511028e-6
670,0.9997721202702045,3.259387071402603e-6
671,0.9997726107007494,3.1938663916537135e-6
672,0.9997725366489345,3.1583940649789704e-6
673,0.9997713997061491,3.363364936153043e-6
674,0.9997741891166357,2.8401382999510925e-6
675,0.9997730111599806,3.051492890384655e-6
676,0.9997744906393802,2.7984914597391773e-6
677,0.9997735620466801,2.9280970817051544e-6
678,0.9997713023452286,3.3846415313031062e-6
679,0.9997742439690085,2.835839275849024e-6
680,0.9997735667600316,2.9748352974861985e-6
681,0.9997742601394296,2.8130346849608907e-6
682,0.9997753119279482,2.642092626181536e-6
683,0.9997731171461137,2.9961827524231013e-6
684,0.9997736643333358,2.9051203019290577e-6
685,0.999772744712685,3.1218065114446816e-6
686,0.9997745782069047,2.7031381479540793e-6
687,0.9997712699862799,3.410967303458198e-6
688,0.9997725830255161,3.099677588980048e-6
689,0.9997727355106948,3.117625562600274e-6
690,0.99977320623142385,3.0043286792068367e-6
691,0.9997706232635137,3.601011125956604e-6
692,0.9997727417720131,3.1529101156486793e-6
693,0.9997727376058878,3.1280207234654944e-6
694,0.9997711988283164,3.454769034536921e-6
695,0.9997727871871588,3.154570939200635e-6
696,0.999771498338743,3.3603979826511423e-6
697,0.9997733473052876,2.98591662056212e-6
698,0.9997719948356945,3.2592862864270087e-6
699,0.9997757508435097,2.522001026797372e-6
700,0.9997730373326302,3.0585785228912058e-6
701,0.9997717919560347,3.30034256165053e-6
702,0.9997750133638307,2.6747079434781883e-6
703,0.9997738815946826,2.846856207964373e-6
704,0.9997729755859199,3.0604866545826344e-6
705,0.9997723466999986,3.1737395808322834e-6
706,0.9997713097415605,3.3921502759568152e-6
707,0.9997730593876927,3.0963327357744246e-6
708,0.9997732864354768,3.0213315150286346e-6
709,0.9997748775357106,2.690199689254503e-6
710,0.9997719814581321,3.2153896102708565e-6
711,0.999774514268536,2.8175034954524064e-6
712,0.9997748291763435,2.6856742193685044e-6
713,0.9997744965641662,2.737626370388531e-6
714,0.9997729807212673,3.0979517369542013e-6
715,0.999770668046983,3.516842109159506e-6
716,0.9997742296434966,2.8730122560648317e-6
717,0.9997710828676002,3.4816520600465714e-6
718,0.9997733573144891,3.036016184552478e-6
719,0.9997725303612893,3.1617312732862285e-6
720,0.999772869981455,3.0838524107098697e-6
721,0.9997733634001789,2.9709251992062176e-6
722,0.9997750358154984,2.6241957624116426e-6
723,0.9997742472021673,2.8363113725073257e-6
724,0.9997723187593072,3.222911714277102e-6
725,0.9997709476115232,3.42719692880582e-6
726,0.9997724919159675,3.156657135951049e-6
727,0.9997715964743549,3.3752832884169524e-6
728,0.9997727666582691,3.1410033138292763e-6
729,0.9997717301598616,3.267673277033261e-6
730,0.9997734365630074,2.9623749570966375e-6
731,0.9997741118476853,2.840504719448159e-6
732,0.9997709673685576,3.544106950167717e-6
733,0.9997720348813234,3.259882656509605e-6
734,0.9997734422309305,3.027412784426971e-6
735,0.9997738951924378,2.8339500326545493e-6
736,0.9997722292190714,3.2368017760996214e-6
737,0.999774837668066,2.694768884434231e-6
738,0.9997749613332277,2.6676803537892675e-6
739,0.9997767784612617,2.3292238434629627e-6
740,0.9997737874159088,2.9310805991190537e-6
741,0.999774705556763,2.710707211582192e-6
742,0.9997745262741958,2.766422048911366e-6
743,0.9997752843425382,2.637441844565202e-6
744,0.9997743439256588,2.840947284727843e-6
745,0.9997732411790414,2.999187126014629e-6
746,0.9997752804038083,2.5797501697648685e-6
747,0.9997736677740919,2.9366517812126905e-6
748,0.9997741211886715,2.8611458983491566e-6
749,0.9997736837789017,2.899731607196444e-6
750,0.999773428600337,3.0016743757424522e-6
751,0.999775222545025,2.5881441111844633e-6
752,0.9997693629674369,3.7734025129775327e-6
753,0.9997771307211547,2.179618222455404e-6
754,0.9997744162905313,2.804908798708474e-6
755,0.9997737709357166,2.9264929510106745e-6
756,0.9997748585682933,2.722801596632066e-6
757,0.9997708934731979,3.4924277673366853e-6
758,0.9997741108330822,2.8778122347914933e-6
759,0.9997730851887938,3.0087192845769838e-6
760,0.9997729096312108,3.069662846320636e-6
761,0.9997725844987012,3.2269597796516094e-6
762,0.9997731245547027,3.049537078643693e-6
763,0.9997722101349186,3.248148662741757e-6
764,0.9997727661992679,3.101086444157681e-6
765,0.9997758978347409,2.492292435374054e-6
766,0.9997747167938577,2.6904111349743725e-6
767,0.9997722440869432,3.2078711652209004e-6
768,0.9997727038251802,3.079891672711303e-6
769,0.999772346927338,3.156645691155488e-6
770,0.9997702998116409,3.6151658892333037e-6
771,0.9997744086501158,2.836556790741389e-6
772,0.9997719358805652,3.3018136164453375e-6
773,0.9997731464748533,3.035887683026888e-6
774,0.9997745106327377,2.799033861266362e-6
775,0.9997743404231847,2.7734134218363733e-6
776,0.9997731070082236,3.0563282900562694e-6
777,0.9997750788021368,2.6554065375460016e-6
778,0.9997718832075941,3.254411177765106e-6
779,0.999772380045455,3.1508285046445205e-6
780,0.9997755638900747,2.539461818351139e-6
781,0.999774617062844,2.7440801766644167e-6
782,0.9997694197801485,3.716044448623271e-6
783,0.9997737709949747,2.8957210854473137e-6
784,0.9997720097010638,3.2422121944687942e-6
785,0.9997765353390876,2.3739446379664878e-6
786,0.9997711322498133,3.486406112441551e-6
787,0.9997751599988688,2.606083100116167e-6
788,0.9997725629326004,3.1574496135309464e-6
789,0.9997752997899652,2.620625680975584e-6
790,0.9997750271613923,2.6568841442569995e-6
791,0.9997710198320794,3.4116490459264736e-6
792,0.9997730934604067,3.0278178572693873e-6
793,0.9997703195098844,3.6148406697577194e-6
794,0.9997723881410534,3.173494084153589e-6
795,0.99977193425502,3.237698361476382e-6
796,0.9997730224075533,3.04150882650694e-6
797,0.9997707751094385,3.5596489678857848e-6
798,0.9997712592486294,3.4563966086397157e-6
799,0.9997728456221079,3.072171136703459e-6
800,0.999770868868404,3.5406026015263815e-6
801,0.9997728790194803,3.071691476605894e-6
802,0.9997736097740707,2.9768145680111626e-6
803,0.9997721035926266,3.2624326081394322e-6
804,0.9997758953600374,2.4689926770022557e-6
805,0.9997747838284232,2.682312721357829e-6
806,0.9997732661967798,3.007158051094519e-6
807,0.9997733365298019,2.9873930981378196e-6
808,0.9997735270664074,2.9292182965176033e-6
809,0.9997762394839066,2.4553439530432047e-6
810,0.999769269105905,3.834231933184425e-6
811,0.9997728590183906,3.1048238807974126e-6
812,0.99977085463133,3.4806212575275365e-6
813,0.9997720904410036,3.330696983779539e-6
814,0.9997729728931871,3.047078952129216e-6
815,0.9997750904872564,2.6496448317995505e-6
816,0.9997736673512057,2.951267052764604e-6
817,0.9997712251734426,3.3890596645279744e-6
818,0.9997720911138251,3.2393430051921906e-6
819,0.9997727191119382,3.1339041476342948e-6
820,0.9997726492659015,3.121860731482206e-6
821,0.9997778922625926,2.08670434899607e-6
822,0.9997711037959611,3.5395520587880675e-6
823,0.9997741514727888,2.8436195044793234e-6
824,0.9997746166328385,2.696019966424667e-6
825,0.9997731958362935,2.998369275619639e-6
826,0.9997709368377692,3.4671557265356985e-6
827,0.999773811528719,2.9086167324880474e-6
828,0.9997698337503046,3.7249403105940323e-6
829,0.9997731379407552,3.028342962114541e-6
830,0.9997728490579709,3.050006762544995e-6
831,0.999775313221701,2.580471685184493e-6
832,0.9997726287950903,3.1389689183929018e-6
833,0.9997723344599068,3.2145641374227947e-6
834,0.9997752439916443,2.621328947450179e-6
835,0.9997748362192068,2.693186885792714e-6
836,0.9997741164229262,2.8572726967435994e-6
837,0.9997747632574303,2.7564569950618725e-6
838,0.9997711896846623,3.4776822598456102e-6
839,0.999774641194432,2.730561795528609e-6
840,0.99977319496005,3.059208876476803e-6
841,0.9997723005502765,3.21041012338459e-6
842,0.9997706556538566,3.5678870236988037e-6
843,0.999776385471432,2.344375111815828e-6
844,0.9997731319750703,3.0857545373002676e-6
845,0.9997741617167263,2.7852570976610185e-6
846,0.9997733817855801,2.9954498959186047e-6
847,0.9997724099954031,3.1438679597258132e-6
848,0.9997754555683624,2.5866821525891608e-6
849,0.9997763175473839,2.3585396890068002e-6
850,0.9997749035542026,2.659369213592436e-6
851,0.9997745838286595,2.8314948863452424e-6
852,0.9997733687877797,3.0328096040868612e-6
853,0.9997738840675101,2.954683934166904e-6
854,0.9997715689402542,3.3822684570411646e-6
855,0.9997717291420063,3.3901871308756392e-6
856,0.9997730902309372,3.083160534354722e-6
857,0.9997736807997532,2.9664059924417393e-6
858,0.9997744501340992,2.7645710005731343e-6
859,0.9997735976910685,2.932420155743852e-6
860,0.9997760248030378,2.4872430916042862e-6
861,0.9997746691818863,2.7386946067192126e-6
862,0.9997752508803742,2.614781775780923e-6
863,0.9997727338408428,3.1890790206804853e-6
864,0.9997725266052868,3.1749956568427173e-6
865,0.999774937498554,2.657464265016049e-6
866,0.9997744170726285,2.725935622741727e-6
867,0.9997706155464012,3.581235219002306e-6
868,0.9997733140062341,3.013216229813695e-6
869,0.999775731869489,2.53407107926735e-6
870,0.9997738334451922,2.8946996454426496e-6
871,0.9997719068372433,3.3300928986826742e-06
872,0.9997719205410943,3.244675567002474e-6
873,0.9997742095155706,2.833638848305061e-6
874,0.9997735379280432,2.9140549749945117e-6
875,0.9997719092417223,3.3350395304101904e-6
876,0.999772104794442,3.2273731463699145e-6
877,0.9997754758058582,2.548589144136172e-6
878,0.999774045021475,2.7914629110234045e-6
879,0.9997737083589187,2.9132556261825617e-6
880,0.9997745062707094,2.8280833114541365e-6
881,0.9997743692855624,2.775991357572353e-6
882,0.9997725003375889,3.166066921405083e-6
883,0.9997740028964346,2.848746884995306e-6
884,0.999771268589219,3.380338803292615e-6
885,0.9997740271747029,2.8568789986879898e-6
886,0.9997734435335854,2.9758357368574324e-6
887,0.9997733308684338,3.0142183967818352e-6
888,0.999774520444287,2.7667412802375728e-6
889,0.9997734575680977,2.98344663615401e-6
890,0.9997733374571635,2.983317415227158e-6
891,0.9997714644464955,3.357569852434669e-6
892,0.9997738990937955,2.9487764555685716e-6
893,0.9997736680826652,2.98752111321655e-6
894,0.9997756129569172,2.518577424076469e-6
895,0.9997735626049097,2.961912768689136e-6
896,0.9997709244772391,3.5012449473475212e-6
897,0.9997715136604636,3.327735534470185e-6
898,0.9997730781955635,3.03687247509336e-6
899,0.9997722840780656,3.2607320852867475e-6
900,0.9997743775637782,2.7810288035358154e-6
901,0.9997752081053661,2.6315758678996355e-6
902,0.99977354215627,2.968264653408667e-6
903,0.9997713292127806,3.4136969414316576e-6
904,0.9997743158547593,2.8281442833111727e-6
905,0.9997748381303605,2.726975336260724e-6
906,0.9997723693347448,3.1916181095840136e-6
907,0.9997711423136919,3.410880005858521e-6
908,0.9997728835614577,3.116218302393114e-6
909,0.9997736526657998,2.9749957014776142e-06
910,0.9997744199512084,2.7701642777756235e-6
911,0.999774529816327,2.7548781350149002e-6
912,0.9997735100677654,2.981080112075136e-6
913,0.9997727426990501,3.1154581859585947e-6
914,0.9997738882481527,2.891304798914293e-6
915,0.9997709509560847,3.5048271505193065e-6
916,0.9997738688894378,2.898596538027013e-6
917,0.9997732368897115,3.0629218958586507e-6
918,0.9997723169763788,3.179070165820027e-6
919,0.9997738825140691,2.8931006499830736e-6
920,0.9997747015024179,2.7338772623586825e-6
921,0.999775104317598,2.653773247579342e-6
922,0.9997744045709436,2.865625625407067e-6
923,0.999773235480247,2.969607720825416e-6
924,0.9997741989432759,2.817131699028823e-6
925,0.9997759858728309,2.4816828136051213e-6
926,0.9997748349230571,2.6790345117370686e-6
927,0.9997739721832304,2.9224246100953415e-6
928,0.9997712563527271,3.3815459220361426e-6
929,0.99977685474437,2.295106436945224e-6
930,0.9997740408704962,2.874766007863734e-6
931,0.9997750514198173,2.712127898347252e-6
932,0.9997733403214494,3.00477487845251e-6
933,0.9997750655155474,2.6537980836987516e-6
934,0.9997730072330233,3.091426138874876e-6
935,0.9997728062290593,3.1208062914860456e-6
936,0.9997764112034071,2.369061437626031e-6
937,0.999773991942031,2.8796093343305136e-6
938,0.999773292666994,3.0464097720262636e-6
939,0.9997740142920114,2.855335265907888e-6
940,0.999772762044488,3.1379979145436526e-6
941,0.999773742250788,2.9370199855343024e-6
942,0.9997699201574876,3.6630733117350404e-6
943,0.9997760055926094,2.4417881141455177e-6
944,0.9997745437117984,2.7597823432867535e-6
945,0.9997727688068121,3.115741978496532e-6
946,0.9997731108363067,3.0281588915442713e-6
947,0.9997744802078774,2.8076906978134873e-6
948,0.9997761082130241,2.391025839572747e-6
949,0.9997708018463587,3.4944061991620684e-6
950,0.9997736777080101,2.930914776115892e-6
951,0.9997751327523852,2.6046859425221304e-6
952,0.9997723595581508,3.1585581658960536e-6
953,0.9997754740735524,2.58560364642891e-6
954,0.9997718264003757,3.2673038090252956e-6
955,0.9997745868505783,2.7511540084779426e-6
956,0.9997731053925585,3.0289025890914866e-6
957,0.9997741250058811,2.8654588051153306e-6
958,0.9997754582349756,2.602714377164032e-6
959,0.9997714403337123,3.3658675204547256e-6
960,0.9997745899612434,2.7386541609429017e-6
961,0.9997728571001939,3.087957059381995e-6
962,0.9997736254741769,2.9704234077477203e-6
963,0.9997740777978041,2.84935833901384e-6
964,0.9997726082116364,3.184706209331046e-6
965,0.9997732992812887,2.989077469782985e-6
966,0.9997750015245381,2.6508046516704377e-6
967,0.9997745574169629,2.7514778029213935e-6
968,0.9997755532478899,2.5159340946272573e-6
969,0.9997704789112158,3.5208637928674583e-6
970,0.999772361781958,3.1884953275773768e-6
971,0.9997718821598762,3.311567800021373e-6
972,0.9997722611226496,3.1744312098613652e-6
973,0.9997740848180914,2.8514653525461785e-6
974,0.9997747802098448,2.7332803840653572e-6
975,0.9997745183726061,2.801780544081977e-6
976,0.9997755496950863,2.5245936425515992e-6
977,0.9997755414900893,2.534428461839032e-6
978,0.9997763557794275,2.3429422061778804e-6
979,0.9997722787589103,3.1977482774081987e-6
980,0.999771104061446,3.391032153134946e-6
981,0.9997727743908206,3.097281922060919e-6
982,0.9997733488215751,2.8893944158640617e-6
983,0.9997706233307134,3.6030182818280465e-6
984,0.9997717802808077,3.2810580176327013e-6
985,0.9997733080304395,3.0431408405528182e-6
986,0.9997727039529953,3.1357293140912773e-6
987,0.9997723137646418,3.2446035377216812e-6
988,0.9997742515887679,2.861997824656914e-6
989,0.9997729111366175,3.0714807711977593e-6
990,0.9997734958289946,2.9577309708988718e-6
991,0.9997722521338753,3.2124129123763945e-6
992,0.9997740538178155,2.861415615307135e-6
993,0.999770806121457,3.4758434047113236e-6
994,0.9997743859461726,2.800367076750982e-6
995,0.9997740489528983,2.8676507865616473e-6
996,0.9997714980616755,3.33741738587397e-6
997,0.9997743309927994,2.7993119897839076e-6
998,0.9997739603657604,2.869904088811415e-6
999,0.9997755348628382,2.5729961672574827e-6
1000,0.9997735378711147,2.9975728930721673e-6
